src_ip,src_port,dest_ip,dest_port,proto,start_time,flow_alerted_gt,flow_alerted_suricata
192.168.3.131,11308,65.55.57.251,8080,tcp,0,True,False
192.168.3.131,39771,65.55.57.251,10010,tcp,0,True,False
192.168.3.131,40299,65.55.57.251,6002,tcp,0,True,False
192.168.3.131,43914,65.55.57.251,3128,tcp,0,True,False
192.168.3.131,5265,65.55.57.251,80,tcp,0,True,False
192.168.3.131,60793,65.55.57.251,9090,tcp,0,True,False
192.168.3.131,9527,65.55.57.251,1044,tcp,0,True,False
192.168.3.131,26014,65.55.57.251,2121,tcp,0,True,False
192.168.3.131,37664,65.55.57.251,3389,tcp,0,True,False
192.168.3.131,62537,65.55.57.251,993,tcp,0,True,False
192.168.3.131,61996,65.55.57.251,631,tcp,0,True,False
192.168.3.131,3489,65.55.57.251,9000,tcp,0,True,False
192.168.3.131,24919,65.55.57.251,49156,tcp,0,True,False
192.168.3.131,46438,65.55.57.251,144,tcp,0,True,False
192.168.3.131,3168,65.55.57.251,2301,tcp,0,True,False
192.168.3.131,9883,65.55.57.251,1028,tcp,0,True,False
192.168.3.131,26627,65.55.57.251,1761,tcp,0,True,False
192.168.3.131,49108,65.55.57.251,389,tcp,0,True,False
192.168.3.131,56668,65.55.57.251,443,tcp,0,True,False
192.168.3.131,24718,65.55.57.251,2967,tcp,0,True,False
192.168.3.131,51708,65.55.57.251,7070,tcp,1,True,False
192.168.3.131,19576,65.55.57.251,1026,tcp,1,True,False
192.168.3.131,52002,65.55.57.251,22,tcp,1,True,False
192.168.3.131,14801,65.55.57.251,445,tcp,1,True,False
192.168.3.131,13762,65.55.57.251,1755,tcp,1,True,False
192.168.3.131,21179,65.55.57.251,787,tcp,1,True,False
192.168.3.131,16881,65.55.57.251,50000,tcp,1,True,False
192.168.3.131,18071,65.55.57.251,5001,tcp,1,True,False
192.168.3.131,12007,65.55.57.251,6004,tcp,1,True,False
192.168.3.131,8257,65.55.57.251,2005,tcp,1,True,False
192.168.3.131,23596,65.55.57.251,9,tcp,1,True,False
192.168.3.131,42464,65.55.57.251,902,tcp,1,True,False
192.168.3.131,21051,65.55.57.251,1050,tcp,1,True,False
192.168.3.131,11914,65.55.57.251,5000,tcp,1,True,False
192.168.3.131,41837,65.55.57.251,5666,tcp,1,True,False
192.168.3.131,10376,65.55.57.251,32768,tcp,1,True,False
192.168.3.131,48374,65.55.57.251,254,tcp,1,True,False
192.168.3.131,57251,65.55.57.251,513,tcp,1,True,False
192.168.3.131,44186,65.55.57.251,6646,tcp,1,True,False
192.168.3.131,17887,65.55.57.251,49155,tcp,1,True,False
192.168.3.131,26273,65.55.57.251,3690,tcp,2,True,False
192.168.3.131,27777,65.55.57.251,544,tcp,2,True,False
192.168.3.131,34129,65.55.57.251,1064,tcp,2,True,False
192.168.3.131,18423,65.55.57.251,9001,tcp,2,True,False
192.168.3.131,11655,65.55.57.251,5800,tcp,2,True,False
192.168.3.131,20775,65.55.57.251,1025,tcp,2,True,False
192.168.3.131,7919,65.55.57.251,1074,tcp,2,True,False
192.168.3.131,34231,65.55.57.251,636,tcp,2,True,False
192.168.3.131,882,65.55.57.251,10001,tcp,2,True,False
192.168.3.131,23279,65.55.57.251,2161,tcp,2,True,False
192.168.3.131,40085,65.55.57.251,2002,tcp,2,True,False
192.168.3.131,11919,65.55.57.251,8081,tcp,2,True,False
192.168.3.131,11945,65.55.57.251,32771,tcp,2,True,False
192.168.3.131,43724,65.55.57.251,8443,tcp,2,True,False
192.168.3.131,1575,65.55.57.251,8888,tcp,2,True,False
192.168.3.131,9475,65.55.57.251,2003,tcp,2,True,False
192.168.3.131,38392,65.55.57.251,5050,tcp,2,True,False
192.168.3.131,50242,65.55.57.251,26,tcp,2,True,False
192.168.3.131,23269,65.55.57.251,81,tcp,2,True,False
192.168.3.131,55499,65.55.57.251,49152,tcp,2,True,False
192.168.3.131,57147,65.55.57.251,1049,tcp,3,True,False
192.168.3.131,35321,65.55.57.251,1054,tcp,3,True,False
192.168.3.131,58203,65.55.57.251,7938,tcp,3,True,False
192.168.3.131,31391,65.55.57.251,8031,tcp,3,True,False
192.168.3.131,26603,65.55.57.251,9999,tcp,3,True,False
192.168.3.131,50943,65.55.57.251,1036,tcp,3,True,False
192.168.3.131,18077,65.55.57.251,1058,tcp,3,True,False
192.168.3.131,46057,65.55.57.251,2601,tcp,3,True,False
192.168.3.131,1014,65.55.57.251,3689,tcp,3,True,False
192.168.3.131,2956,65.55.57.251,5357,tcp,3,True,False
192.168.3.131,53496,65.55.57.251,2869,tcp,3,True,False
192.168.3.131,8415,65.55.57.251,1040,tcp,3,True,False
192.168.3.131,14012,65.55.57.251,3000,tcp,3,True,False
192.168.3.131,47677,65.55.57.251,5060,tcp,3,True,False
192.168.3.131,15509,65.55.57.251,497,tcp,3,True,False
192.168.3.131,28922,65.55.57.251,9102,tcp,3,True,False
192.168.3.131,15808,65.55.57.251,5120,tcp,3,True,False
192.168.3.131,51827,65.55.57.251,4899,tcp,3,True,False
192.168.3.131,35112,65.55.57.251,515,tcp,3,True,False
192.168.3.131,46032,65.55.57.251,10000,tcp,3,True,False
192.168.3.131,11308,65.55.57.251,88,tcp,4,True,False
192.168.3.131,45861,65.55.57.251,3,tcp,4,True,False
192.168.3.131,5361,65.55.57.251,1234,tcp,4,True,False
192.168.3.131,15042,65.55.57.251,255,tcp,4,True,False
192.168.3.131,47215,65.55.57.251,5901,tcp,4,True,False
192.168.3.131,1818,65.55.57.251,1000,tcp,4,True,False
192.168.3.131,9255,65.55.57.251,311,tcp,4,True,False
192.168.3.131,59522,65.55.57.251,1900,tcp,4,True,False
192.168.3.131,18485,65.55.57.251,548,tcp,4,True,False
192.168.3.131,55103,65.55.57.251,7000,tcp,4,True,False
192.168.3.131,27469,65.55.57.251,111,tcp,4,True,False
192.168.3.131,13052,65.55.57.251,135,tcp,4,True,False
192.168.3.131,32640,65.55.57.251,49154,tcp,4,True,False
192.168.3.131,43051,65.55.57.251,119,tcp,4,True,False
192.168.3.131,32444,65.55.57.251,17,tcp,4,True,False
192.168.3.131,25952,65.55.57.251,1069,tcp,4,True,False
192.168.3.131,2726,65.55.57.251,1720,tcp,4,True,False
192.168.3.131,3750,65.55.57.251,13,tcp,4,True,False
192.168.3.131,38248,65.55.57.251,143,tcp,4,True,False
192.168.3.131,45401,65.55.57.251,6543,tcp,4,True,False
192.168.3.131,46486,65.55.57.251,32775,tcp,5,True,False
192.168.3.131,33924,65.55.57.251,1088,tcp,5,True,False
192.168.3.131,17295,65.55.57.251,42510,tcp,5,True,False
192.168.3.131,34393,65.55.57.251,9101,tcp,5,True,False
192.168.3.131,17929,65.55.57.251,9071,tcp,5,True,False
192.168.3.131,39887,65.55.57.251,9595,tcp,5,True,False
192.168.3.131,48569,65.55.57.251,992,tcp,5,True,False
192.168.3.131,8989,65.55.57.251,4002,tcp,5,True,False
192.168.3.131,27791,65.55.57.251,2009,tcp,5,True,False
192.168.3.131,32814,65.55.57.251,1075,tcp,5,True,False
192.168.3.131,527,65.55.57.251,512,tcp,5,True,False
192.168.3.131,1804,65.55.57.251,711,tcp,5,True,False
192.168.3.131,5072,65.55.57.251,83,tcp,5,True,False
192.168.3.131,63537,65.55.57.251,2006,tcp,5,True,False
192.168.3.131,56524,65.55.57.251,1047,tcp,5,True,False
192.168.3.131,28257,65.55.57.251,55600,tcp,5,True,False
192.168.3.131,30574,65.55.57.251,8701,tcp,5,True,False
192.168.3.131,47142,65.55.57.251,8084,tcp,5,True,False
192.168.3.131,57075,65.55.57.251,161,tcp,5,True,False
192.168.3.131,47123,65.55.57.251,45100,tcp,5,True,False
192.168.3.131,20643,65.55.57.251,3333,tcp,6,True,False
192.168.3.131,40310,65.55.57.251,16993,tcp,6,True,False
192.168.3.131,56980,65.55.57.251,800,tcp,6,True,False
192.168.3.131,10326,65.55.57.251,5500,tcp,6,True,False
192.168.3.131,19914,65.55.57.251,2222,tcp,6,True,False
192.168.3.131,64349,65.55.57.251,1072,tcp,6,True,False
192.168.3.131,39050,65.55.57.251,3005,tcp,6,True,False
192.168.3.131,24877,65.55.57.251,888,tcp,6,True,False
192.168.3.131,51690,65.55.57.251,32772,tcp,6,True,False
192.168.3.131,26912,65.55.57.251,5102,tcp,6,True,False
192.168.3.131,49578,65.55.57.251,32773,tcp,6,True,False
192.168.3.131,39664,65.55.57.251,1218,tcp,6,True,False
192.168.3.131,39430,65.55.57.251,4,tcp,6,True,False
192.168.3.131,9859,65.55.57.251,65389,tcp,6,True,False
192.168.3.131,51305,65.55.57.251,1052,tcp,6,True,False
192.168.3.131,45216,65.55.57.251,6969,tcp,6,True,False
192.168.3.131,51427,65.55.57.251,563,tcp,6,True,False
192.168.3.131,38220,65.55.57.251,8085,tcp,6,True,False
192.168.3.131,11553,65.55.57.251,3283,tcp,6,True,False
192.168.3.131,62085,65.55.57.251,500,tcp,6,True,False
192.168.3.131,48446,65.55.57.251,163,tcp,7,True,False
192.168.3.131,47018,65.55.57.251,7019,tcp,7,True,False
192.168.3.131,55642,65.55.57.251,51103,tcp,7,True,False
192.168.3.131,64940,65.55.57.251,8193,tcp,7,True,False
192.168.3.131,43143,65.55.57.251,33354,tcp,7,True,False
192.168.3.131,9365,65.55.57.251,1060,tcp,7,True,False
192.168.3.131,24197,65.55.57.251,3052,tcp,7,True,False
192.168.3.131,3591,65.55.57.251,8089,tcp,7,True,False
192.168.3.131,42078,65.55.57.251,9593,tcp,7,True,False
192.168.3.131,24316,65.55.57.251,1045,tcp,7,True,False
192.168.3.131,27921,65.55.57.251,27000,tcp,7,True,False
192.168.3.131,44117,65.55.57.251,1063,tcp,7,True,False
192.168.3.131,39406,65.55.57.251,6101,tcp,7,True,False
192.168.3.131,32553,65.55.57.251,90,tcp,7,True,False
192.168.3.131,50145,65.55.57.251,1352,tcp,7,True,False
192.168.3.131,62471,65.55.57.251,32770,tcp,7,True,False
192.168.3.131,51259,65.55.57.251,13782,tcp,7,True,False
192.168.3.131,39956,65.55.57.251,6,tcp,7,True,False
192.168.3.131,31399,65.55.57.251,14238,tcp,7,True,False
192.168.3.131,5768,65.55.57.251,5100,tcp,8,True,False
192.168.3.131,29588,65.55.57.251,8291,tcp,8,True,False
192.168.3.131,43432,65.55.57.251,146,tcp,8,True,False
192.168.3.131,59575,65.55.57.251,222,tcp,8,True,False
192.168.3.131,61244,65.55.57.251,1311,tcp,8,True,False
192.168.3.131,8103,65.55.57.251,1085,tcp,8,True,False
192.168.3.131,4542,65.55.57.251,306,tcp,8,True,False
192.168.3.131,32109,65.55.57.251,1081,tcp,8,True,False
192.168.3.131,51325,65.55.57.251,912,tcp,8,True,False
192.168.3.131,12069,65.55.57.251,264,tcp,8,True,False
192.168.3.131,55784,65.55.57.251,64680,tcp,8,True,False
192.168.3.131,19435,65.55.57.251,52822,tcp,8,True,False
192.168.3.131,13289,65.55.57.251,8082,tcp,8,True,False
192.168.3.131,6509,65.55.57.251,1666,tcp,8,True,False
192.168.3.131,51559,65.55.57.251,1057,tcp,8,True,False
192.168.3.131,14520,65.55.57.251,1083,tcp,8,True,False
192.168.3.131,40047,65.55.57.251,5004,tcp,8,True,False
192.168.3.131,29199,65.55.57.251,1500,tcp,8,True,False
192.168.3.131,25027,65.55.57.251,6059,tcp,8,True,False
192.168.3.131,45768,65.55.57.251,1864,tcp,8,True,False
192.168.3.131,64262,65.55.57.251,8651,tcp,9,True,False
192.168.3.131,16966,65.55.57.251,2004,tcp,9,True,False
192.168.3.131,38354,65.55.57.251,2525,tcp,9,True,False
192.168.3.131,23575,65.55.57.251,42,tcp,9,True,False
192.168.3.131,18278,65.55.57.251,2030,tcp,9,True,False
192.168.3.131,58867,65.55.57.251,8001,tcp,9,True,False
192.168.3.131,17776,65.55.57.251,1700,tcp,9,True,False
192.168.3.131,38889,65.55.57.251,1503,tcp,9,True,False
192.168.3.131,35511,65.55.57.251,23502,tcp,9,True,False
192.168.3.131,51526,65.55.57.251,1111,tcp,9,True,False
192.168.3.131,44342,65.55.57.251,85,tcp,9,True,False
192.168.3.131,54257,65.55.57.251,5902,tcp,9,True,False
192.168.3.131,48399,65.55.57.251,7200,tcp,9,True,False
192.168.3.131,4970,65.55.57.251,4662,tcp,9,True,False
192.168.3.131,61220,65.55.57.251,5225,tcp,9,True,False
192.168.3.131,11336,65.55.57.251,52869,tcp,9,True,False
192.168.3.131,34429,65.55.57.251,15000,tcp,9,True,False
192.168.3.131,24396,65.55.57.251,8088,tcp,9,True,False
192.168.3.131,9897,65.55.57.251,1078,tcp,9,True,False
192.168.3.131,20385,65.55.57.251,2500,tcp,9,True,False
192.168.3.131,11995,65.55.57.251,31038,tcp,10,True,False
192.168.3.131,62285,65.55.57.251,7625,tcp,10,True,False
192.168.3.131,46896,65.55.57.251,15660,tcp,10,True,False
192.168.3.131,46353,65.55.57.251,3404,tcp,10,True,False
192.168.3.131,58929,65.55.57.251,5405,tcp,10,True,False
192.168.3.131,38906,65.55.57.251,2160,tcp,10,True,False
192.168.3.131,26860,65.55.57.251,48080,tcp,10,True,False
192.168.3.131,142,65.55.57.251,1999,tcp,10,True,False
192.168.3.131,17666,65.55.57.251,10024,tcp,10,True,False
192.168.3.131,5652,65.55.57.251,1169,tcp,10,True,False
192.168.3.131,58820,65.55.57.251,8181,tcp,10,True,False
192.168.3.131,18242,65.55.57.251,5925,tcp,10,True,False
192.168.3.131,4749,65.55.57.251,11967,tcp,10,True,False
192.168.3.131,55628,65.55.57.251,2399,tcp,10,True,False
192.168.3.131,24497,65.55.57.251,20221,tcp,10,True,False
192.168.3.131,54610,65.55.57.251,30000,tcp,10,True,False
192.168.3.131,33899,65.55.57.251,6003,tcp,10,True,False
192.168.3.131,43604,65.55.57.251,6580,tcp,10,True,False
192.168.3.131,41742,65.55.57.251,6502,tcp,10,True,False
192.168.3.131,49580,65.55.57.251,1108,tcp,11,True,False
192.168.3.131,2189,65.55.57.251,17988,tcp,11,True,False
192.168.3.131,8632,65.55.57.251,21571,tcp,11,True,False
192.168.3.131,28032,65.55.57.251,2135,tcp,11,True,False
192.168.3.131,42673,65.55.57.251,10617,tcp,11,True,False
192.168.3.131,26786,65.55.57.251,5988,tcp,11,True,False
192.168.3.131,43234,65.55.57.251,749,tcp,11,True,False
192.168.3.131,46498,65.55.57.251,10629,tcp,11,True,False
192.168.3.131,19873,65.55.57.251,10002,tcp,11,True,False
192.168.3.131,44529,65.55.57.251,58080,tcp,11,True,False
192.168.3.131,58160,65.55.57.251,5414,tcp,11,True,False
192.168.3.131,54818,65.55.57.251,3323,tcp,11,True,False
192.168.3.131,3116,65.55.57.251,1089,tcp,11,True,False
192.168.3.131,39138,65.55.57.251,43,tcp,11,True,False
192.168.3.131,2848,65.55.57.251,1100,tcp,11,True,False
192.168.3.131,19400,65.55.57.251,3351,tcp,11,True,False
192.168.3.131,13402,65.55.57.251,20000,tcp,11,True,False
192.168.3.131,40712,65.55.57.251,8333,tcp,11,True,False
192.168.3.131,27068,65.55.57.251,3017,tcp,11,True,False
192.168.3.131,24944,65.55.57.251,2260,tcp,11,True,False
192.168.3.131,4582,65.55.57.251,9500,tcp,12,True,False
192.168.3.131,51559,65.55.57.251,6901,tcp,12,True,False
192.168.3.131,63553,65.55.57.251,50800,tcp,12,True,False
192.168.3.131,59987,65.55.57.251,99,tcp,12,True,False
192.168.3.131,61653,65.55.57.251,1094,tcp,12,True,False
192.168.3.131,38090,65.55.57.251,2811,tcp,12,True,False
192.168.3.131,46325,65.55.57.251,14000,tcp,12,True,False
192.168.3.131,44392,65.55.57.251,49159,tcp,12,True,False
192.168.3.131,13902,65.55.57.251,5222,tcp,12,True,False
192.168.3.131,59620,65.55.57.251,27715,tcp,12,True,False
192.168.3.131,4044,65.55.57.251,2100,tcp,12,True,False
192.168.3.131,13561,65.55.57.251,7741,tcp,12,True,False
192.168.3.131,19732,65.55.57.251,10626,tcp,12,True,False
192.168.3.131,35849,65.55.57.251,9503,tcp,12,True,False
192.168.3.131,47972,65.55.57.251,89,tcp,12,True,False
192.168.3.131,17695,65.55.57.251,8402,tcp,12,True,False
192.168.3.131,12563,65.55.57.251,1840,tcp,12,True,False
192.168.3.131,44870,65.55.57.251,9010,tcp,12,True,False
192.168.3.131,3505,65.55.57.251,5960,tcp,12,True,False
192.168.3.131,45040,65.55.57.251,63331,tcp,12,True,False
192.168.3.131,31782,65.55.57.251,212,tcp,13,True,False
192.168.3.131,2652,65.55.57.251,16016,tcp,13,True,False
192.168.3.131,59436,65.55.57.251,9290,tcp,13,True,False
192.168.3.131,819,65.55.57.251,32782,tcp,13,True,False
192.168.3.131,21911,65.55.57.251,1310,tcp,13,True,False
192.168.3.131,2172,65.55.57.251,50002,tcp,13,True,False
192.168.3.131,38047,65.55.57.251,9900,tcp,13,True,False
192.168.3.131,41710,65.55.57.251,6156,tcp,13,True,False
192.168.3.131,2551,65.55.57.251,19801,tcp,13,True,False
192.168.3.131,8879,65.55.57.251,8649,tcp,13,True,False
192.168.3.131,9802,65.55.57.251,4449,tcp,13,True,False
192.168.3.131,13102,65.55.57.251,7778,tcp,13,True,False
192.168.3.131,4011,65.55.57.251,6123,tcp,13,True,False
192.168.3.131,57472,65.55.57.251,3580,tcp,13,True,False
192.168.3.131,41611,65.55.57.251,4126,tcp,13,True,False
192.168.3.131,5441,65.55.57.251,898,tcp,13,True,False
192.168.3.131,27916,65.55.57.251,3372,tcp,13,True,False
192.168.3.131,40259,65.55.57.251,34573,tcp,13,True,False
192.168.3.131,64898,65.55.57.251,34571,tcp,13,True,False
192.168.3.131,51680,65.55.57.251,8086,tcp,14,True,False
192.168.3.131,64161,65.55.57.251,15002,tcp,14,True,False
192.168.3.131,46205,65.55.57.251,1718,tcp,14,True,False
192.168.3.131,22716,65.55.57.251,1098,tcp,14,True,False
192.168.3.131,5324,65.55.57.251,10566,tcp,14,True,False
192.168.3.131,38951,65.55.57.251,50003,tcp,14,True,False
192.168.3.131,54093,65.55.57.251,3998,tcp,14,True,False
192.168.3.131,17533,65.55.57.251,3801,tcp,14,True,False
192.168.3.131,50960,65.55.57.251,2607,tcp,14,True,False
192.168.3.131,55815,65.55.57.251,1106,tcp,14,True,False
192.168.3.131,12733,65.55.57.251,9080,tcp,14,True,False
192.168.3.131,60578,65.55.57.251,32776,tcp,14,True,False
192.168.3.131,51732,65.55.57.251,8994,tcp,14,True,False
192.168.3.131,4009,65.55.57.251,13722,tcp,14,True,False
192.168.3.131,57880,65.55.57.251,24800,tcp,14,True,False
192.168.3.131,55927,65.55.57.251,5962,tcp,14,True,False
192.168.3.131,25162,65.55.57.251,5910,tcp,14,True,False
192.168.3.131,62927,65.55.57.251,5825,tcp,14,True,False
192.168.3.131,39243,65.55.57.251,3071,tcp,14,True,False
192.168.3.131,54579,65.55.57.251,5718,tcp,14,True,False
192.168.3.131,63855,65.55.57.251,3300,tcp,15,True,False
192.168.3.131,35828,65.55.57.251,3766,tcp,15,True,False
192.168.3.131,11378,65.55.57.251,49400,tcp,15,True,False
192.168.3.131,41811,65.55.57.251,7512,tcp,15,True,False
192.168.3.131,27768,65.55.57.251,32779,tcp,15,True,False
192.168.3.131,19661,65.55.57.251,1131,tcp,15,True,False
192.168.3.131,23078,65.55.57.251,4004,tcp,15,True,False
192.168.3.131,27390,65.55.57.251,1152,tcp,15,True,False
192.168.3.131,59523,65.55.57.251,4279,tcp,15,True,False
192.168.3.131,1076,65.55.57.251,1119,tcp,15,True,False
192.168.3.131,25964,65.55.57.251,8180,tcp,15,True,False
192.168.3.131,12833,65.55.57.251,555,tcp,15,True,False
192.168.3.131,5217,65.55.57.251,5033,tcp,15,True,False
192.168.3.131,51475,65.55.57.251,5280,tcp,15,True,False
192.168.3.131,5918,65.55.57.251,666,tcp,15,True,False
192.168.3.131,2020,65.55.57.251,6565,tcp,15,True,False
192.168.3.131,34884,65.55.57.251,9943,tcp,15,True,False
192.168.3.131,9318,65.55.57.251,2522,tcp,15,True,False
192.168.3.131,34402,65.55.57.251,1296,tcp,15,True,False
192.168.3.131,30987,65.55.57.251,27355,tcp,16,True,False
192.168.3.131,2596,65.55.57.251,5560,tcp,16,True,False
192.168.3.131,22440,65.55.57.251,5544,tcp,16,True,False
192.168.3.131,63150,65.55.57.251,2021,tcp,16,True,False
192.168.3.131,27040,65.55.57.251,1443,tcp,16,True,False
192.168.3.131,48350,65.55.57.251,19780,tcp,16,True,False
192.168.3.131,12758,65.55.57.251,10778,tcp,16,True,False
192.168.3.131,1844,65.55.57.251,3945,tcp,16,True,False
192.168.3.131,60939,65.55.57.251,2323,tcp,16,True,False
192.168.3.131,56257,65.55.57.251,2126,tcp,16,True,False
192.168.3.131,46244,65.55.57.251,84,tcp,16,True,False
192.168.3.131,5816,65.55.57.251,2111,tcp,16,True,False
192.168.3.131,15106,65.55.57.251,62078,tcp,16,True,False
192.168.3.131,48941,65.55.57.251,7103,tcp,16,True,False
192.168.3.131,7258,65.55.57.251,6692,tcp,16,True,False
192.168.3.131,19809,65.55.57.251,49175,tcp,16,True,False
192.168.3.131,41944,65.55.57.251,3261,tcp,16,True,False
192.168.3.131,49576,65.55.57.251,27352,tcp,16,True,False
192.168.3.131,34090,65.55.57.251,5802,tcp,16,True,False
192.168.3.131,29468,65.55.57.251,1114,tcp,17,True,False
192.168.3.131,30295,65.55.57.251,4111,tcp,17,True,False
192.168.3.131,25219,65.55.57.251,49163,tcp,17,True,False
192.168.3.131,53942,65.55.57.251,5080,tcp,17,True,False
192.168.3.131,13504,65.55.57.251,3914,tcp,17,True,False
192.168.3.131,28444,65.55.57.251,3800,tcp,17,True,False
192.168.3.131,57444,65.55.57.251,3869,tcp,17,True,False
192.168.3.131,2551,65.55.57.251,55055,tcp,17,True,False
192.168.3.131,53020,65.55.57.251,16012,tcp,17,True,False
192.168.3.131,3332,65.55.57.251,5922,tcp,17,True,False
192.168.3.131,10345,65.55.57.251,4848,tcp,17,True,False
192.168.3.131,13243,65.55.57.251,2034,tcp,17,True,False
192.168.3.131,11449,65.55.57.251,5730,tcp,17,True,False
192.168.3.131,61001,65.55.57.251,3003,tcp,17,True,False
192.168.3.131,13540,65.55.57.251,3880,tcp,17,True,False
192.168.3.131,63629,65.55.57.251,5815,tcp,17,True,False
192.168.3.131,55519,65.55.57.251,3889,tcp,17,True,False
192.168.3.131,43358,65.55.57.251,5054,tcp,17,True,False
192.168.3.131,35694,65.55.57.251,2191,tcp,17,True,False
192.168.3.131,5996,65.55.57.251,5904,tcp,17,True,False
192.168.3.131,64317,65.55.57.251,1271,tcp,18,True,False
192.168.3.131,16415,65.55.57.251,61532,tcp,18,True,False
192.168.3.131,61566,65.55.57.251,3324,tcp,18,True,False
192.168.3.131,27142,65.55.57.251,9040,tcp,18,True,False
192.168.3.131,35732,65.55.57.251,9111,tcp,18,True,False
192.168.3.131,43987,65.55.57.251,1090,tcp,18,True,False
192.168.3.131,36826,65.55.57.251,7435,tcp,18,True,False
192.168.3.131,64678,65.55.57.251,2394,tcp,18,True,False
192.168.3.131,43526,65.55.57.251,5952,tcp,18,True,False
192.168.3.131,1473,65.55.57.251,5862,tcp,18,True,False
192.168.3.131,21605,65.55.57.251,50636,tcp,18,True,False
192.168.3.131,33672,65.55.57.251,1199,tcp,18,True,False
192.168.3.131,13646,65.55.57.251,5822,tcp,18,True,False
192.168.3.131,6720,65.55.57.251,3493,tcp,18,True,False
192.168.3.131,61202,65.55.57.251,5907,tcp,18,True,False
192.168.3.131,20405,65.55.57.251,1580,tcp,18,True,False
192.168.3.131,29318,65.55.57.251,3814,tcp,18,True,False
192.168.3.131,19564,65.55.57.251,3517,tcp,18,True,False
192.168.3.131,14609,65.55.57.251,3221,tcp,18,True,False
192.168.3.131,14301,65.55.57.251,3995,tcp,19,True,False
192.168.3.131,32971,65.55.57.251,1112,tcp,19,True,False
192.168.3.131,7433,65.55.57.251,9998,tcp,19,True,False
192.168.3.131,30882,65.55.57.251,9666,tcp,19,True,False
192.168.3.131,25742,65.55.57.251,2040,tcp,19,True,False
192.168.3.131,7524,65.55.57.251,6792,tcp,19,True,False
192.168.3.131,18589,65.55.57.251,8500,tcp,19,True,False
192.168.3.131,13568,65.55.57.251,19283,tcp,19,True,False
192.168.3.131,33727,65.55.57.251,32780,tcp,19,True,False
192.168.3.131,16181,65.55.57.251,6547,tcp,19,True,False
192.168.3.131,39998,65.55.57.251,720,tcp,19,True,False
192.168.3.131,6395,65.55.57.251,3851,tcp,19,True,False
192.168.3.131,62183,65.55.57.251,2725,tcp,19,True,False
192.168.3.131,58212,65.55.57.251,4550,tcp,19,True,False
192.168.3.131,37851,65.55.57.251,1600,tcp,19,True,False
192.168.3.131,5666,65.55.57.251,9091,tcp,19,True,False
192.168.3.131,36037,65.55.57.251,5221,tcp,19,True,False
192.168.3.131,40455,65.55.57.251,1186,tcp,19,True,False
192.168.3.131,15000,65.55.57.251,3370,tcp,19,True,False
192.168.3.131,13284,65.55.57.251,6100,tcp,19,True,False
192.168.3.131,25273,65.55.57.251,3737,tcp,19,True,False
192.168.3.131,20797,65.55.57.251,3030,tcp,20,True,False
192.168.3.131,32976,65.55.57.251,1151,tcp,20,True,False
192.168.3.131,56927,65.55.57.251,8090,tcp,20,True,False
192.168.3.131,34422,65.55.57.251,6567,tcp,20,True,False
192.168.3.131,58934,65.55.57.251,31337,tcp,20,True,False
192.168.3.131,18606,65.55.57.251,783,tcp,20,True,False
192.168.3.131,5375,65.55.57.251,1009,tcp,20,True,False
192.168.3.131,57054,65.55.57.251,40911,tcp,20,True,False
192.168.3.131,53441,65.55.57.251,8383,tcp,20,True,False
192.168.3.131,42893,65.55.57.251,44176,tcp,20,True,False
192.168.3.131,19903,65.55.57.251,1233,tcp,20,True,False
192.168.3.131,19837,65.55.57.251,1455,tcp,20,True,False
192.168.3.131,28519,65.55.57.251,1971,tcp,20,True,False
192.168.3.131,47470,65.55.57.251,1244,tcp,20,True,False
192.168.3.131,28992,65.55.57.251,6009,tcp,20,True,False
192.168.3.131,46659,65.55.57.251,52848,tcp,20,True,False
192.168.3.131,28453,65.55.57.251,8042,tcp,20,True,False
192.168.3.131,8612,65.55.57.251,1137,tcp,20,True,False
192.168.3.131,58104,65.55.57.251,7920,tcp,20,True,False
192.168.3.131,13544,65.55.57.251,1216,tcp,21,True,False
192.168.3.131,35645,65.55.57.251,903,tcp,21,True,False
192.168.3.131,62281,65.55.57.251,18101,tcp,21,True,False
192.168.3.131,58151,65.55.57.251,1875,tcp,21,True,False
192.168.3.131,45996,65.55.57.251,8200,tcp,21,True,False
192.168.3.131,11595,65.55.57.251,1092,tcp,21,True,False
192.168.3.131,49914,65.55.57.251,1113,tcp,21,True,False
192.168.3.131,49868,65.55.57.251,911,tcp,21,True,False
192.168.3.131,49721,65.55.57.251,9878,tcp,21,True,False
192.168.3.131,37897,65.55.57.251,1688,tcp,21,True,False
192.168.3.131,6431,65.55.57.251,2043,tcp,21,True,False
192.168.3.131,2511,65.55.57.251,1145,tcp,21,True,False
192.168.3.131,64383,65.55.57.251,2068,tcp,21,True,False
192.168.3.131,52113,65.55.57.251,2557,tcp,21,True,False
192.168.3.131,58457,65.55.57.251,1198,tcp,21,True,False
192.168.3.131,55981,65.55.57.251,56737,tcp,21,True,False
192.168.3.131,8151,65.55.57.251,1149,tcp,21,True,False
192.168.3.131,43741,65.55.57.251,60443,tcp,21,True,False
192.168.3.131,25519,65.55.57.251,9917,tcp,21,True,False
192.168.3.131,28652,65.55.57.251,2366,tcp,21,True,False
192.168.3.131,22050,65.55.57.251,1174,tcp,21,True,False
192.168.3.131,12478,65.55.57.251,7676,tcp,22,True,False
192.168.3.131,54733,65.55.57.251,6346,tcp,22,True,False
192.168.3.131,4832,65.55.57.251,1102,tcp,22,True,False
192.168.3.131,16087,65.55.57.251,1187,tcp,22,True,False
192.168.3.131,53570,65.55.57.251,2920,tcp,22,True,False
192.168.3.131,4046,65.55.57.251,44443,tcp,22,True,False
192.168.3.131,35920,65.55.57.251,7999,tcp,22,True,False
192.168.3.131,40983,65.55.57.251,2800,tcp,22,True,False
192.168.3.131,51041,65.55.57.251,765,tcp,22,True,False
192.168.3.131,46323,65.55.57.251,1974,tcp,22,True,False
192.168.3.131,64862,65.55.57.251,25735,tcp,22,True,False
192.168.3.131,3404,65.55.57.251,416,tcp,22,True,False
192.168.3.131,64459,65.55.57.251,12174,tcp,22,True,False
192.168.3.131,22107,65.55.57.251,17877,tcp,22,True,False
192.168.3.131,54177,65.55.57.251,14441,tcp,22,True,False
192.168.3.131,2465,65.55.57.251,1984,tcp,22,True,False
192.168.3.131,8824,65.55.57.251,714,tcp,22,True,False
192.168.3.131,13659,65.55.57.251,1461,tcp,22,True,False
192.168.3.131,36030,65.55.57.251,2042,tcp,22,True,False
192.168.3.131,24009,65.55.57.251,1130,tcp,23,True,False
192.168.3.131,59038,65.55.57.251,1309,tcp,23,True,False
192.168.3.131,56205,65.55.57.251,6668,tcp,23,True,False
192.168.3.131,19613,65.55.57.251,7025,tcp,23,True,False
192.168.3.131,39786,65.55.57.251,16000,tcp,23,True,False
192.168.3.131,48703,65.55.57.251,9099,tcp,23,True,False
192.168.3.131,3319,65.55.57.251,1583,tcp,23,True,False
192.168.3.131,33991,65.55.57.251,50500,tcp,23,True,False
192.168.3.131,10624,65.55.57.251,1300,tcp,23,True,False
192.168.3.131,18569,65.55.57.251,8292,tcp,23,True,False
192.168.3.131,14571,65.55.57.251,1417,tcp,23,True,False
192.168.3.131,57261,65.55.57.251,2041,tcp,23,True,False
192.168.3.131,49532,65.55.57.251,10009,tcp,23,True,False
192.168.3.131,20227,65.55.57.251,2046,tcp,23,True,False
192.168.3.131,42571,65.55.57.251,54328,tcp,23,True,False
192.168.3.131,49243,65.55.57.251,1277,tcp,23,True,False
192.168.3.131,51511,65.55.57.251,3007,tcp,23,True,False
192.168.3.131,31744,65.55.57.251,1641,tcp,23,True,False
192.168.3.131,18734,65.55.57.251,481,tcp,23,True,False
192.168.3.131,19204,65.55.57.251,1328,tcp,23,True,False
192.168.3.131,51436,65.55.57.251,4224,tcp,24,True,False
192.168.3.131,20806,65.55.57.251,10082,tcp,24,True,False
192.168.3.131,14842,65.55.57.251,687,tcp,24,True,False
192.168.3.131,20295,65.55.57.251,1812,tcp,24,True,False
192.168.3.131,11297,65.55.57.251,9103,tcp,24,True,False
192.168.3.131,28236,65.55.57.251,1163,tcp,24,True,False
192.168.3.131,39989,65.55.57.251,256,tcp,24,True,False
192.168.3.131,45805,65.55.57.251,6006,tcp,24,True,False
192.168.3.131,13773,65.55.57.251,2170,tcp,24,True,False
192.168.3.131,59066,65.55.57.251,1721,tcp,24,True,False
192.168.3.131,55893,65.55.57.251,417,tcp,24,True,False
192.168.3.131,9110,65.55.57.251,777,tcp,24,True,False
192.168.3.131,30635,65.55.57.251,9418,tcp,24,True,False
192.168.3.131,5585,65.55.57.251,27356,tcp,24,True,False
192.168.3.131,5401,65.55.57.251,1123,tcp,24,True,False
192.168.3.131,12734,65.55.57.251,49161,tcp,24,True,False
192.168.3.131,30412,65.55.57.251,524,tcp,24,True,False
192.168.3.131,63959,65.55.57.251,9003,tcp,24,True,False
192.168.3.131,25840,65.55.57.251,5998,tcp,24,True,False
192.168.3.131,64800,65.55.57.251,10215,tcp,24,True,False
192.168.3.131,52940,65.55.57.251,49176,tcp,25,True,False
192.168.3.131,9794,65.55.57.251,8093,tcp,25,True,False
192.168.3.131,29058,65.55.57.251,2200,tcp,25,True,False
192.168.3.131,38845,65.55.57.251,1165,tcp,25,True,False
192.168.3.131,53997,65.55.57.251,32783,tcp,25,True,False
192.168.3.131,63311,65.55.57.251,5869,tcp,25,True,False
192.168.3.131,19054,65.55.57.251,8996,tcp,25,True,False
192.168.3.131,1788,65.55.57.251,5242,tcp,25,True,False
192.168.3.131,45747,65.55.57.251,3931,tcp,25,True,False
192.168.3.131,3912,65.55.57.251,12021,tcp,25,True,False
192.168.3.131,56029,65.55.57.251,9443,tcp,25,True,False
192.168.3.131,45048,65.55.57.251,4949,tcp,25,True,False
192.168.3.131,36182,65.55.57.251,7913,tcp,25,True,False
192.168.3.131,20175,65.55.57.251,8019,tcp,25,True,False
192.168.3.131,10704,65.55.57.251,3514,tcp,25,True,False
192.168.3.131,22478,65.55.57.251,13724,tcp,25,True,False
192.168.3.131,26154,65.55.57.251,18264,tcp,25,True,False
192.168.3.131,50499,65.55.57.251,12215,tcp,25,True,False
192.168.3.131,26375,65.55.57.251,5905,tcp,25,True,False
192.168.3.131,23238,65.55.57.251,5968,tcp,25,True,False
192.168.3.131,58735,65.55.57.251,3993,tcp,26,True,False
192.168.3.131,692,65.55.57.251,7123,tcp,26,True,False
192.168.3.131,21480,65.55.57.251,10058,tcp,26,True,False
192.168.3.131,40102,65.55.57.251,10873,tcp,26,True,False
192.168.3.131,61616,65.55.57.251,4252,tcp,26,True,False
192.168.3.131,35458,65.55.57.251,4143,tcp,26,True,False
192.168.3.131,48557,65.55.57.251,5812,tcp,26,True,False
192.168.3.131,40126,65.55.57.251,30704,tcp,26,True,False
192.168.3.131,50099,65.55.57.251,4080,tcp,26,True,False
192.168.3.131,5888,65.55.57.251,6600,tcp,26,True,False
192.168.3.131,36449,65.55.57.251,4009,tcp,26,True,False
192.168.3.131,39126,65.55.57.251,3981,tcp,26,True,False
192.168.3.131,57513,65.55.57.251,8015,tcp,26,True,False
192.168.3.131,5714,65.55.57.251,3969,tcp,26,True,False
192.168.3.131,3594,65.55.57.251,8889,tcp,26,True,False
192.168.3.131,51297,65.55.57.251,7878,tcp,26,True,False
192.168.3.131,64998,65.55.57.251,3944,tcp,26,True,False
192.168.3.131,18312,65.55.57.251,28211,tcp,26,True,False
192.168.3.131,49668,65.55.57.251,6068,tcp,26,True,False
192.168.3.131,29225,65.55.57.251,20002,tcp,26,True,False
192.168.3.131,12840,65.55.57.251,3824,tcp,27,True,False
192.168.3.131,29807,65.55.57.251,3888,tcp,27,True,False
192.168.3.131,42393,65.55.57.251,7272,tcp,27,True,False
192.168.3.131,11419,65.55.57.251,9501,tcp,27,True,False
192.168.3.131,41859,65.55.57.251,7749,tcp,27,True,False
192.168.3.131,55360,65.55.57.251,26470,tcp,27,True,False
192.168.3.131,31290,65.55.57.251,3050,tcp,27,True,False
192.168.3.131,8269,65.55.57.251,6732,tcp,27,True,False
192.168.3.131,60755,65.55.57.251,8385,tcp,27,True,False
192.168.3.131,46828,65.55.57.251,3859,tcp,27,True,False
192.168.3.131,64233,65.55.57.251,6520,tcp,27,True,False
192.168.3.131,35766,65.55.57.251,3731,tcp,27,True,False
192.168.3.131,57184,65.55.57.251,8540,tcp,27,True,False
192.168.3.131,46838,65.55.57.251,7024,tcp,27,True,False
192.168.3.131,7334,65.55.57.251,7725,tcp,27,True,False
192.168.3.131,52312,65.55.57.251,8095,tcp,27,True,False
192.168.3.131,17971,65.55.57.251,23796,tcp,27,True,False
192.168.3.131,26175,65.55.57.251,5938,tcp,27,True,False
192.168.3.131,38279,65.55.57.251,32791,tcp,27,True,False
192.168.3.131,37901,65.55.57.251,3307,tcp,28,True,False
192.168.3.131,9257,65.55.57.251,5501,tcp,28,True,False
192.168.3.131,20625,65.55.57.251,6051,tcp,28,True,False
192.168.3.131,21328,65.55.57.251,5212,tcp,28,True,False
192.168.3.131,55392,65.55.57.251,3870,tcp,28,True,False
192.168.3.131,35394,65.55.57.251,15402,tcp,28,True,False
192.168.3.131,58823,65.55.57.251,9673,tcp,28,True,False
192.168.3.131,39084,65.55.57.251,10023,tcp,28,True,False
192.168.3.131,7985,65.55.57.251,6500,tcp,28,True,False
192.168.3.131,61783,65.55.57.251,9191,tcp,28,True,False
192.168.3.131,21888,65.55.57.251,3162,tcp,28,True,False
192.168.3.131,41451,65.55.57.251,9988,tcp,28,True,False
192.168.3.131,36118,65.55.57.251,3400,tcp,28,True,False
192.168.3.131,47787,65.55.57.251,9198,tcp,28,True,False
192.168.3.131,7131,65.55.57.251,29831,tcp,28,True,False
192.168.3.131,41503,65.55.57.251,5823,tcp,28,True,False
192.168.3.131,26504,65.55.57.251,10011,tcp,28,True,False
192.168.3.131,7386,65.55.57.251,8293,tcp,28,True,False
192.168.3.131,45574,65.55.57.251,3848,tcp,28,True,False
192.168.3.131,40883,65.55.57.251,16800,tcp,28,True,False
192.168.3.131,20455,65.55.57.251,32803,tcp,28,True,False
192.168.3.131,46449,65.55.57.251,4164,tcp,29,True,False
192.168.3.131,47526,65.55.57.251,8686,tcp,29,True,False
192.168.3.131,32588,65.55.57.251,17595,tcp,29,True,False
192.168.3.131,3600,65.55.57.251,5081,tcp,29,True,False
192.168.3.131,51776,65.55.57.251,8766,tcp,29,True,False
192.168.3.131,38206,65.55.57.251,8675,tcp,29,True,False
192.168.3.131,3456,65.55.57.251,22222,tcp,29,True,False
192.168.3.131,43524,65.55.57.251,3808,tcp,29,True,False
192.168.3.131,31302,65.55.57.251,3852,tcp,29,True,False
192.168.3.131,18390,65.55.57.251,3916,tcp,29,True,False
192.168.3.131,22734,65.55.57.251,32822,tcp,29,True,False
192.168.3.131,13350,65.55.57.251,7281,tcp,29,True,False
192.168.3.131,28962,65.55.57.251,8098,tcp,29,True,False
192.168.3.131,9969,65.55.57.251,5914,tcp,29,True,False
192.168.3.131,28828,65.55.57.251,3697,tcp,29,True,False
192.168.3.131,36016,65.55.57.251,9621,tcp,29,True,False
192.168.3.131,657,65.55.57.251,7051,tcp,29,True,False
192.168.3.131,24791,65.55.57.251,3963,tcp,29,True,False
192.168.3.131,6178,65.55.57.251,5063,tcp,29,True,False
192.168.3.131,57642,65.55.57.251,4555,tcp,29,True,False
192.168.3.131,7762,65.55.57.251,12380,tcp,30,True,False
192.168.3.131,46844,65.55.57.251,5339,tcp,30,True,False
192.168.3.131,52396,65.55.57.251,6247,tcp,30,True,False
192.168.3.131,64732,65.55.57.251,4658,tcp,30,True,False
192.168.3.131,10169,65.55.57.251,9914,tcp,30,True,False
192.168.3.131,21793,65.55.57.251,4559,tcp,30,True,False
192.168.3.131,54690,65.55.57.251,27,tcp,30,True,False
192.168.3.131,53066,65.55.57.251,51413,tcp,30,True,False
192.168.3.131,56755,65.55.57.251,46200,tcp,30,True,False
192.168.3.131,52578,65.55.57.251,610,tcp,30,True,False
192.168.3.131,45405,65.55.57.251,792,tcp,30,True,False
192.168.3.131,14622,65.55.57.251,7010,tcp,30,True,False
192.168.3.131,29772,65.55.57.251,38185,tcp,30,True,False
192.168.3.131,53020,65.55.57.251,98,tcp,30,True,False
192.168.3.131,4467,65.55.57.251,709,tcp,30,True,False
192.168.3.131,57528,65.55.57.251,732,tcp,30,True,False
192.168.3.131,206,65.55.57.251,52710,tcp,30,True,False
192.168.3.131,19864,65.55.57.251,447,tcp,30,True,False
192.168.3.131,48493,65.55.57.251,58838,tcp,30,True,False
192.168.3.131,9508,65.55.57.251,943,tcp,31,True,False
192.168.3.131,11714,65.55.57.251,257,tcp,31,True,False
192.168.3.131,9643,65.55.57.251,58001,tcp,31,True,False
192.168.3.131,31801,65.55.57.251,10083,tcp,31,True,False
192.168.3.131,37413,65.55.57.251,786,tcp,31,True,False
192.168.3.131,53592,65.55.57.251,250,tcp,31,True,False
192.168.3.131,38160,65.55.57.251,55576,tcp,31,True,False
192.168.3.131,13041,65.55.57.251,1350,tcp,31,True,False
192.168.3.131,28302,65.55.57.251,53313,tcp,31,True,False
192.168.3.131,26839,65.55.57.251,540,tcp,31,True,False
192.168.3.131,35804,65.55.57.251,1220,tcp,31,True,False
192.168.3.131,48960,65.55.57.251,39659,tcp,31,True,False
192.168.3.131,60751,65.55.57.251,823,tcp,31,True,False
192.168.3.131,43474,65.55.57.251,40811,tcp,31,True,False
192.168.3.131,6303,65.55.57.251,3025,tcp,31,True,False
192.168.3.131,20135,65.55.57.251,2044,tcp,31,True,False
192.168.3.131,55812,65.55.57.251,102,tcp,31,True,False
192.168.3.131,31617,65.55.57.251,523,tcp,31,True,False
192.168.3.131,1617,65.55.57.251,53535,tcp,31,True,False
192.168.3.131,30923,65.55.57.251,729,tcp,31,True,False
192.168.3.131,50589,65.55.57.251,60146,tcp,31,True,False
192.168.3.131,5677,65.55.57.251,127,tcp,32,True,False
192.168.3.131,25353,65.55.57.251,846,tcp,32,True,False
192.168.3.131,53641,65.55.57.251,780,tcp,32,True,False
192.168.3.131,19650,65.55.57.251,49168,tcp,32,True,False
192.168.3.131,33798,65.55.57.251,602,tcp,32,True,False
192.168.3.131,7673,65.55.57.251,829,tcp,32,True,False
192.168.3.131,14948,65.55.57.251,5520,tcp,32,True,False
192.168.3.131,24214,65.55.57.251,874,tcp,32,True,False
192.168.3.131,55271,65.55.57.251,953,tcp,32,True,False
192.168.3.131,30409,65.55.57.251,1020,tcp,32,True,False
192.168.3.131,32940,65.55.57.251,49236,tcp,32,True,False
192.168.3.131,52164,65.55.57.251,3399,tcp,32,True,False
192.168.3.131,38947,65.55.57.251,35513,tcp,32,True,False
192.168.3.131,9949,65.55.57.251,1353,tcp,32,True,False
192.168.3.131,9807,65.55.57.251,778,tcp,32,True,False
192.168.3.131,21554,65.55.57.251,6008,tcp,32,True,False
192.168.3.131,38636,65.55.57.251,674,tcp,32,True,False
192.168.3.131,4071,65.55.57.251,251,tcp,32,True,False
192.168.3.131,34954,65.55.57.251,1014,tcp,32,True,False
192.168.3.131,56378,65.55.57.251,59200,tcp,32,True,False
192.168.3.131,46128,65.55.57.251,61613,tcp,33,True,False
192.168.3.131,35775,65.55.57.251,639,tcp,33,True,False
192.168.3.131,21628,65.55.57.251,1516,tcp,33,True,False
192.168.3.131,9650,65.55.57.251,6222,tcp,33,True,False
192.168.3.131,9809,65.55.57.251,731,tcp,33,True,False
192.168.3.131,63969,65.55.57.251,1222,tcp,33,True,False
192.168.3.131,51987,65.55.57.251,52850,tcp,33,True,False
192.168.3.131,16250,65.55.57.251,41523,tcp,33,True,False
192.168.3.131,13341,65.55.57.251,2067,tcp,33,True,False
192.168.3.131,19424,65.55.57.251,2433,tcp,33,True,False
192.168.3.131,27178,65.55.57.251,47544,tcp,33,True,False
192.168.3.131,38492,65.55.57.251,971,tcp,33,True,False
192.168.3.131,63944,65.55.57.251,998,tcp,33,True,False
192.168.3.131,23114,65.55.57.251,8118,tcp,33,True,False
192.168.3.131,13066,65.55.57.251,1547,tcp,33,True,False
192.168.3.131,35190,65.55.57.251,39136,tcp,33,True,False
192.168.3.131,19563,65.55.57.251,1103,tcp,33,True,False
192.168.3.131,6493,65.55.57.251,710,tcp,33,True,False
192.168.3.131,48433,65.55.57.251,7003,tcp,33,True,False
192.168.3.131,17736,65.55.57.251,18000,tcp,33,True,False
192.168.3.131,46218,65.55.57.251,58630,tcp,34,True,False
192.168.3.131,24186,65.55.57.251,50050,tcp,34,True,False
192.168.3.131,62805,65.55.57.251,210,tcp,34,True,False
192.168.3.131,13928,65.55.57.251,1008,tcp,34,True,False
192.168.3.131,7255,65.55.57.251,913,tcp,34,True,False
192.168.3.131,37727,65.55.57.251,795,tcp,34,True,False
192.168.3.131,29570,65.55.57.251,840,tcp,34,True,False
192.168.3.131,28018,65.55.57.251,502,tcp,34,True,False
192.168.3.131,26506,65.55.57.251,220,tcp,34,True,False
192.168.3.131,27598,65.55.57.251,59202,tcp,34,True,False
192.168.3.131,30743,65.55.57.251,3632,tcp,34,True,False
192.168.3.131,57193,65.55.57.251,1522,tcp,34,True,False
192.168.3.131,49923,65.55.57.251,33453,tcp,34,True,False
192.168.3.131,50779,65.55.57.251,57,tcp,34,True,False
192.168.3.131,14757,65.55.57.251,905,tcp,34,True,False
192.168.3.131,21532,65.55.57.251,6662,tcp,34,True,False
192.168.3.131,17142,65.55.57.251,2241,tcp,34,True,False
192.168.3.131,19406,65.55.57.251,2012,tcp,34,True,False
192.168.3.131,6949,65.55.57.251,659,tcp,34,True,False
192.168.3.131,37001,65.55.57.251,1212,tcp,34,True,False
192.168.3.131,61644,65.55.57.251,49186,tcp,35,True,False
192.168.3.131,6778,65.55.57.251,52853,tcp,35,True,False
192.168.3.131,58350,65.55.57.251,441,tcp,35,True,False
192.168.3.131,32802,65.55.57.251,52847,tcp,35,True,False
192.168.3.131,12667,65.55.57.251,2201,tcp,35,True,False
192.168.3.131,65379,65.55.57.251,2101,tcp,35,True,False
192.168.3.131,13060,65.55.57.251,1268,tcp,35,True,False
192.168.3.131,8549,65.55.57.251,1144,tcp,35,True,False
192.168.3.131,21151,65.55.57.251,1620,tcp,35,True,False
192.168.3.131,49819,65.55.57.251,1699,tcp,35,True,False
192.168.3.131,59635,65.55.57.251,1638,tcp,35,True,False
192.168.3.131,34085,65.55.57.251,1204,tcp,35,True,False
192.168.3.131,34990,65.55.57.251,1745,tcp,35,True,False
192.168.3.131,4968,65.55.57.251,1901,tcp,35,True,False
192.168.3.131,54661,65.55.57.251,2080,tcp,35,True,False
192.168.3.131,47675,65.55.57.251,1249,tcp,35,True,False
192.168.3.131,60733,65.55.57.251,1806,tcp,35,True,False
192.168.3.131,33152,65.55.57.251,1290,tcp,35,True,False
192.168.3.131,20785,65.55.57.251,1558,tcp,35,True,False
192.168.3.131,52461,65.55.57.251,1703,tcp,35,True,False
192.168.3.131,50879,65.55.57.251,728,tcp,35,True,False
192.168.3.131,30391,65.55.57.251,1711,tcp,36,True,False
192.168.3.131,57057,65.55.57.251,1125,tcp,36,True,False
192.168.3.131,574,65.55.57.251,1584,tcp,36,True,False
192.168.3.131,48171,65.55.57.251,1752,tcp,36,True,False
192.168.3.131,49544,65.55.57.251,1134,tcp,36,True,False
192.168.3.131,35594,65.55.57.251,1861,tcp,36,True,False
192.168.3.131,19668,65.55.57.251,1912,tcp,36,True,False
192.168.3.131,57258,65.55.57.251,1791,tcp,36,True,False
192.168.3.131,6779,65.55.57.251,1799,tcp,36,True,False
192.168.3.131,29437,65.55.57.251,1560,tcp,36,True,False
192.168.3.131,32765,65.55.57.251,2031,tcp,36,True,False
192.168.3.131,14908,65.55.57.251,2115,tcp,36,True,False
192.168.3.131,41796,65.55.57.251,1005,tcp,36,True,False
192.168.3.131,8907,65.55.57.251,1677,tcp,36,True,False
192.168.3.131,51960,65.55.57.251,1210,tcp,36,True,False
192.168.3.131,36756,65.55.57.251,1305,tcp,36,True,False
192.168.3.131,31730,65.55.57.251,1302,tcp,36,True,False
192.168.3.131,25582,65.55.57.251,1708,tcp,36,True,False
192.168.3.131,23043,65.55.57.251,1307,tcp,36,True,False
192.168.3.131,13924,65.55.57.251,1190,tcp,36,True,False
192.168.3.131,39347,65.55.57.251,1331,tcp,37,True,False
192.168.3.131,59589,65.55.57.251,3999,tcp,37,True,False
192.168.3.131,55072,65.55.57.251,1321,tcp,37,True,False
192.168.3.131,58195,65.55.57.251,1176,tcp,37,True,False
192.168.3.131,30322,65.55.57.251,1208,tcp,37,True,False
192.168.3.131,32662,65.55.57.251,802,tcp,37,True,False
192.168.3.131,25947,65.55.57.251,1339,tcp,37,True,False
192.168.3.131,49681,65.55.57.251,2095,tcp,37,True,False
192.168.3.131,24448,65.55.57.251,1196,tcp,37,True,False
192.168.3.131,35414,65.55.57.251,864,tcp,37,True,False
192.168.3.131,20305,65.55.57.251,2086,tcp,37,True,False
192.168.3.131,16234,65.55.57.251,1924,tcp,37,True,False
192.168.3.131,6324,65.55.57.251,2069,tcp,37,True,False
192.168.3.131,57054,65.55.57.251,1973,tcp,37,True,False
192.168.3.131,11474,65.55.57.251,1954,tcp,37,True,False
192.168.3.131,45786,65.55.57.251,641,tcp,37,True,False
192.168.3.131,9815,65.55.57.251,44334,tcp,37,True,False
192.168.3.131,36202,65.55.57.251,606,tcp,37,True,False
192.168.3.131,31491,65.55.57.251,2082,tcp,37,True,False
192.168.3.131,25471,65.55.57.251,1318,tcp,38,True,False
192.168.3.131,33229,65.55.57.251,1157,tcp,38,True,False
192.168.3.131,40273,65.55.57.251,1735,tcp,38,True,False
192.168.3.131,15056,65.55.57.251,1240,tcp,38,True,False
192.168.3.131,35245,65.55.57.251,806,tcp,38,True,False
192.168.3.131,26811,65.55.57.251,1251,tcp,38,True,False
192.168.3.131,29702,65.55.57.251,918,tcp,38,True,False
192.168.3.131,3527,65.55.57.251,1297,tcp,38,True,False
192.168.3.131,53532,65.55.57.251,12346,tcp,38,True,False
192.168.3.131,18836,65.55.57.251,1168,tcp,38,True,False
192.168.3.131,63621,65.55.57.251,922,tcp,38,True,False
192.168.3.131,59793,65.55.57.251,1116,tcp,38,True,False
192.168.3.131,3915,65.55.57.251,1153,tcp,38,True,False
192.168.3.131,38769,65.55.57.251,1136,tcp,38,True,False
192.168.3.131,42071,65.55.57.251,1722,tcp,38,True,False
192.168.3.131,51559,65.55.57.251,388,tcp,38,True,False
192.168.3.131,20696,65.55.57.251,1223,tcp,38,True,False
192.168.3.131,15536,65.55.57.251,1194,tcp,38,True,False
192.168.3.131,38955,65.55.57.251,1632,tcp,38,True,False
192.168.3.131,2841,65.55.57.251,2112,tcp,38,True,False
192.168.3.131,16561,65.55.57.251,1607,tcp,38,True,False
192.168.3.131,21411,65.55.57.251,1279,tcp,39,True,False
192.168.3.131,46566,65.55.57.251,1162,tcp,39,True,False
192.168.3.131,52314,65.55.57.251,1598,tcp,39,True,False
192.168.3.131,32107,65.55.57.251,1414,tcp,39,True,False
192.168.3.131,55181,65.55.57.251,1215,tcp,39,True,False
192.168.3.131,20688,65.55.57.251,1976,tcp,39,True,False
192.168.3.131,22268,65.55.57.251,6017,tcp,39,True,False
192.168.3.131,34519,65.55.57.251,1316,tcp,39,True,False
192.168.3.131,47163,65.55.57.251,1314,tcp,39,True,False
192.168.3.131,47240,65.55.57.251,1713,tcp,39,True,False
192.168.3.131,55226,65.55.57.251,1337,tcp,39,True,False
192.168.3.131,22880,65.55.57.251,754,tcp,39,True,False
192.168.3.131,24157,65.55.57.251,1835,tcp,39,True,False
192.168.3.131,34581,65.55.57.251,1184,tcp,39,True,False
192.168.3.131,45598,65.55.57.251,928,tcp,39,True,False
192.168.3.131,30541,65.55.57.251,1262,tcp,39,True,False
192.168.3.131,25119,65.55.57.251,1823,tcp,39,True,False
192.168.3.131,42115,65.55.57.251,1229,tcp,39,True,False
192.168.3.131,15828,65.55.57.251,1808,tcp,39,True,False
192.168.3.131,54919,65.55.57.251,1327,tcp,40,True,False
192.168.3.131,14427,65.55.57.251,1180,tcp,40,True,False
192.168.3.131,58084,65.55.57.251,690,tcp,40,True,False
192.168.3.131,21650,65.55.57.251,1691,tcp,40,True,False
192.168.3.131,813,65.55.57.251,1566,tcp,40,True,False
192.168.3.131,23837,65.55.57.251,3803,tcp,40,True,False
192.168.3.131,40322,65.55.57.251,3057,tcp,40,True,False
192.168.3.131,42355,65.55.57.251,2270,tcp,40,True,False
192.168.3.131,41044,65.55.57.251,2330,tcp,40,True,False
192.168.3.131,915,65.55.57.251,2280,tcp,40,True,False
192.168.3.131,25574,65.55.57.251,2812,tcp,40,True,False
192.168.3.131,4982,65.55.57.251,2728,tcp,40,True,False
192.168.3.131,40238,65.55.57.251,2449,tcp,40,True,False
192.168.3.131,21370,65.55.57.251,3362,tcp,40,True,False
192.168.3.131,62435,65.55.57.251,2340,tcp,40,True,False
192.168.3.131,30561,65.55.57.251,2997,tcp,40,True,False
192.168.3.131,28348,65.55.57.251,3365,tcp,40,True,False
192.168.3.131,3988,65.55.57.251,3577,tcp,40,True,False
192.168.3.131,11967,65.55.57.251,2988,tcp,40,True,False
192.168.3.131,10428,65.55.57.251,3652,tcp,40,True,False
192.168.3.131,12118,65.55.57.251,2265,tcp,41,True,False
192.168.3.131,33252,65.55.57.251,2532,tcp,41,True,False
192.168.3.131,16698,65.55.57.251,2203,tcp,41,True,False
192.168.3.131,40852,65.55.57.251,2888,tcp,41,True,False
192.168.3.131,10065,65.55.57.251,2250,tcp,41,True,False
192.168.3.131,26921,65.55.57.251,3825,tcp,41,True,False
192.168.3.131,5575,65.55.57.251,3167,tcp,41,True,False
192.168.3.131,36675,65.55.57.251,3200,tcp,41,True,False
192.168.3.131,24022,65.55.57.251,2435,tcp,41,True,False
192.168.3.131,64721,65.55.57.251,2712,tcp,41,True,False
192.168.3.131,34903,65.55.57.251,2958,tcp,41,True,False
192.168.3.131,61878,65.55.57.251,3505,tcp,41,True,False
192.168.3.131,36517,65.55.57.251,2631,tcp,41,True,False
192.168.3.131,58460,65.55.57.251,2418,tcp,41,True,False
192.168.3.131,22701,65.55.57.251,3439,tcp,41,True,False
192.168.3.131,41057,65.55.57.251,3515,tcp,41,True,False
192.168.3.131,34415,65.55.57.251,2463,tcp,41,True,False
192.168.3.131,33092,65.55.57.251,3817,tcp,41,True,False
192.168.3.131,42225,65.55.57.251,3310,tcp,41,True,False
192.168.3.131,40061,65.55.57.251,3602,tcp,41,True,False
192.168.3.131,36445,65.55.57.251,3831,tcp,42,True,False
192.168.3.131,18405,65.55.57.251,2292,tcp,42,True,False
192.168.3.131,34864,65.55.57.251,3790,tcp,42,True,False
192.168.3.131,11978,65.55.57.251,3485,tcp,42,True,False
192.168.3.131,45823,65.55.57.251,3798,tcp,42,True,False
192.168.3.131,12053,65.55.57.251,2505,tcp,42,True,False
192.168.3.131,46466,65.55.57.251,3663,tcp,42,True,False
192.168.3.131,63835,65.55.57.251,3856,tcp,42,True,False
192.168.3.131,60056,65.55.57.251,2187,tcp,42,True,False
192.168.3.131,42587,65.55.57.251,3749,tcp,42,True,False
192.168.3.131,9401,65.55.57.251,2691,tcp,42,True,False
192.168.3.131,53916,65.55.57.251,3063,tcp,42,True,False
192.168.3.131,955,65.55.57.251,3810,tcp,42,True,False
192.168.3.131,13143,65.55.57.251,3868,tcp,42,True,False
192.168.3.131,3279,65.55.57.251,2567,tcp,42,True,False
192.168.3.131,45577,65.55.57.251,3121,tcp,42,True,False
192.168.3.131,42957,65.55.57.251,2598,tcp,42,True,False
192.168.3.131,26238,65.55.57.251,3599,tcp,42,True,False
192.168.3.131,12249,65.55.57.251,2850,tcp,42,True,False
192.168.3.131,46031,65.55.57.251,2804,tcp,42,True,False
192.168.3.131,65216,65.55.57.251,3656,tcp,43,True,False
192.168.3.131,42387,65.55.57.251,3812,tcp,43,True,False
192.168.3.131,61367,65.55.57.251,2984,tcp,43,True,False
192.168.3.131,46204,65.55.57.251,2134,tcp,43,True,False
192.168.3.131,65446,65.55.57.251,3374,tcp,43,True,False
192.168.3.131,15968,65.55.57.251,3479,tcp,43,True,False
192.168.3.131,29906,65.55.57.251,3683,tcp,43,True,False
192.168.3.131,3927,65.55.57.251,3103,tcp,43,True,False
192.168.3.131,20521,65.55.57.251,3415,tcp,43,True,False
192.168.3.131,36495,65.55.57.251,3847,tcp,43,True,False
192.168.3.131,15261,65.55.57.251,2376,tcp,43,True,False
192.168.3.131,15066,65.55.57.251,2622,tcp,43,True,False
192.168.3.131,45905,65.55.57.251,3497,tcp,43,True,False
192.168.3.131,7714,65.55.57.251,2302,tcp,43,True,False
192.168.3.131,46469,65.55.57.251,3728,tcp,43,True,False
192.168.3.131,49980,65.55.57.251,3281,tcp,43,True,False
192.168.3.131,37237,65.55.57.251,3263,tcp,43,True,False
192.168.3.131,49091,65.55.57.251,2261,tcp,43,True,False
192.168.3.131,13879,65.55.57.251,3520,tcp,43,True,False
192.168.3.131,53292,65.55.57.251,3670,tcp,43,True,False
192.168.3.131,48113,65.55.57.251,3680,tcp,44,True,False
192.168.3.131,62499,65.55.57.251,2312,tcp,44,True,False
192.168.3.131,38554,65.55.57.251,3396,tcp,44,True,False
192.168.3.131,22379,65.55.57.251,3636,tcp,44,True,False
192.168.3.131,17332,65.55.57.251,3621,tcp,44,True,False
192.168.3.131,52481,65.55.57.251,3014,tcp,44,True,False
192.168.3.131,383,65.55.57.251,3795,tcp,44,True,False
192.168.3.131,15487,65.55.57.251,2898,tcp,44,True,False
192.168.3.131,43269,65.55.57.251,2902,tcp,44,True,False
192.168.3.131,34226,65.55.57.251,2372,tcp,44,True,False
192.168.3.131,23041,65.55.57.251,3511,tcp,44,True,False
192.168.3.131,52584,65.55.57.251,3787,tcp,44,True,False
192.168.3.131,28435,65.55.57.251,3089,tcp,44,True,False
192.168.3.131,39594,65.55.57.251,2706,tcp,44,True,False
192.168.3.131,29291,65.55.57.251,2438,tcp,44,True,False
192.168.3.131,47919,65.55.57.251,2583,tcp,44,True,False
192.168.3.131,12645,65.55.57.251,2325,tcp,44,True,False
192.168.3.131,43358,65.55.57.251,2930,tcp,44,True,False
192.168.3.131,11005,65.55.57.251,3319,tcp,44,True,False
192.168.3.131,27906,65.55.57.251,2551,tcp,44,True,False
192.168.3.131,25689,65.55.57.251,3839,tcp,45,True,False
192.168.3.131,28029,65.55.57.251,3220,tcp,45,True,False
192.168.3.131,32325,65.55.57.251,2148,tcp,45,True,False
192.168.3.131,26866,65.55.57.251,3530,tcp,45,True,False
192.168.3.131,3388,65.55.57.251,3425,tcp,45,True,False
192.168.3.131,26501,65.55.57.251,3967,tcp,45,True,False
192.168.3.131,36154,65.55.57.251,3909,tcp,45,True,False
192.168.3.131,39971,65.55.57.251,4433,tcp,45,True,False
192.168.3.131,5028,65.55.57.251,3989,tcp,45,True,False
192.168.3.131,52614,65.55.57.251,4700,tcp,45,True,False
192.168.3.131,51108,65.55.57.251,4020,tcp,45,True,False
192.168.3.131,63693,65.55.57.251,4141,tcp,45,True,False
192.168.3.131,55288,65.55.57.251,5370,tcp,45,True,False
192.168.3.131,155,65.55.57.251,4881,tcp,45,True,False
192.168.3.131,31988,65.55.57.251,5201,tcp,45,True,False
192.168.3.131,56929,65.55.57.251,5250,tcp,45,True,False
192.168.3.131,11418,65.55.57.251,4476,tcp,45,True,False
192.168.3.131,48699,65.55.57.251,4234,tcp,45,True,False
192.168.3.131,29622,65.55.57.251,4297,tcp,45,True,False
192.168.3.131,38465,65.55.57.251,5020,tcp,45,True,False
192.168.3.131,33949,65.55.57.251,5458,tcp,46,True,False
192.168.3.131,56352,65.55.57.251,3997,tcp,46,True,False
192.168.3.131,11002,65.55.57.251,5016,tcp,46,True,False
192.168.3.131,24054,65.55.57.251,4687,tcp,46,True,False
192.168.3.131,5792,65.55.57.251,3962,tcp,46,True,False
192.168.3.131,21125,65.55.57.251,4325,tcp,46,True,False
192.168.3.131,60807,65.55.57.251,4356,tcp,46,True,False
192.168.3.131,55893,65.55.57.251,5053,tcp,46,True,False
192.168.3.131,26853,65.55.57.251,5475,tcp,46,True,False
192.168.3.131,23567,65.55.57.251,4161,tcp,46,True,False
192.168.3.131,34035,65.55.57.251,5122,tcp,46,True,False
192.168.3.131,54037,65.55.57.251,4119,tcp,46,True,False
192.168.3.131,13054,65.55.57.251,4999,tcp,46,True,False
192.168.3.131,27818,65.55.57.251,4036,tcp,46,True,False
192.168.3.131,47160,65.55.57.251,4029,tcp,46,True,False
192.168.3.131,31320,65.55.57.251,5066,tcp,46,True,False
192.168.3.131,49479,65.55.57.251,4113,tcp,46,True,False
192.168.3.131,27568,65.55.57.251,4342,tcp,46,True,False
192.168.3.131,2386,65.55.57.251,5133,tcp,46,True,False
192.168.3.131,55487,65.55.57.251,3946,tcp,46,True,False
192.168.3.131,15761,65.55.57.251,3992,tcp,47,True,False
192.168.3.131,7974,65.55.57.251,4407,tcp,47,True,False
192.168.3.131,28684,65.55.57.251,3979,tcp,47,True,False
192.168.3.131,41872,65.55.57.251,4649,tcp,47,True,False
192.168.3.131,28806,65.55.57.251,5098,tcp,47,True,False
192.168.3.131,42332,65.55.57.251,3956,tcp,47,True,False
192.168.3.131,40832,65.55.57.251,5147,tcp,47,True,False
192.168.3.131,46596,65.55.57.251,3879,tcp,47,True,False
192.168.3.131,29896,65.55.57.251,3919,tcp,47,True,False
192.168.3.131,13648,65.55.57.251,5259,tcp,47,True,False
192.168.3.131,58618,65.55.57.251,4778,tcp,47,True,False
192.168.3.131,33058,65.55.57.251,4534,tcp,47,True,False
192.168.3.131,4504,65.55.57.251,5423,tcp,47,True,False
192.168.3.131,60703,65.55.57.251,4760,tcp,47,True,False
192.168.3.131,21751,65.55.57.251,3982,tcp,47,True,False
192.168.3.131,7133,65.55.57.251,4464,tcp,47,True,False
192.168.3.131,11174,65.55.57.251,4090,tcp,47,True,False
192.168.3.131,42602,65.55.57.251,4558,tcp,47,True,False
192.168.3.131,32853,65.55.57.251,4800,tcp,47,True,False
192.168.3.131,37637,65.55.57.251,4713,tcp,48,True,False
192.168.3.131,15360,65.55.57.251,3902,tcp,48,True,False
192.168.3.131,61713,65.55.57.251,4912,tcp,48,True,False
192.168.3.131,38182,65.55.57.251,4262,tcp,48,True,False
192.168.3.131,13967,65.55.57.251,5219,tcp,48,True,False
192.168.3.131,45461,65.55.57.251,3936,tcp,48,True,False
192.168.3.131,25965,65.55.57.251,4376,tcp,48,True,False
192.168.3.131,17675,65.55.57.251,4056,tcp,48,True,False
192.168.3.131,32070,65.55.57.251,5088,tcp,48,True,False
192.168.3.131,65302,65.55.57.251,4415,tcp,48,True,False
192.168.3.131,58930,65.55.57.251,5441,tcp,48,True,False
192.168.3.131,25036,65.55.57.251,4517,tcp,48,True,False
192.168.3.131,64885,65.55.57.251,3930,tcp,48,True,False
192.168.3.131,20728,65.55.57.251,5012,tcp,48,True,False
192.168.3.131,6817,65.55.57.251,5023,tcp,48,True,False
192.168.3.131,47150,65.55.57.251,5114,tcp,48,True,False
192.168.3.131,56574,65.55.57.251,4859,tcp,48,True,False
192.168.3.131,61544,65.55.57.251,5234,tcp,48,True,False
192.168.3.131,8415,65.55.57.251,4358,tcp,48,True,False
192.168.3.131,50591,65.55.57.251,4388,tcp,48,True,False
192.168.3.131,41180,65.55.57.251,3949,tcp,49,True,False
192.168.3.131,51453,65.55.57.251,5291,tcp,49,True,False
192.168.3.131,18700,65.55.57.251,4876,tcp,49,True,False
192.168.3.131,15450,65.55.57.251,3899,tcp,49,True,False
192.168.3.131,52299,65.55.57.251,4101,tcp,49,True,False
192.168.3.131,7163,65.55.57.251,4010,tcp,49,True,False
192.168.3.131,34328,65.55.57.251,4121,tcp,49,True,False
192.168.3.131,1725,65.55.57.251,3890,tcp,49,True,False
192.168.3.131,43507,65.55.57.251,4609,tcp,49,True,False
192.168.3.131,49468,65.55.57.251,4374,tcp,49,True,False
192.168.3.131,356,65.55.57.251,4190,tcp,49,True,False
192.168.3.131,31360,65.55.57.251,5014,tcp,49,True,False
192.168.3.131,20167,65.55.57.251,3923,tcp,49,True,False
192.168.3.131,57028,65.55.57.251,4447,tcp,49,True,False
192.168.3.131,43601,65.55.57.251,3940,tcp,49,True,False
192.168.3.131,44480,65.55.57.251,4024,tcp,49,True,False
192.168.3.131,46289,65.55.57.251,5444,tcp,49,True,False
192.168.3.131,8301,65.55.57.251,4065,tcp,49,True,False
192.168.3.131,34150,65.55.57.251,3906,tcp,49,True,False
192.168.3.131,57202,65.55.57.251,4770,tcp,49,True,False
192.168.3.131,20818,65.55.57.251,4206,tcp,50,True,False
192.168.3.131,32000,65.55.57.251,4602,tcp,50,True,False
192.168.3.131,53208,65.55.57.251,3913,tcp,50,True,False
192.168.3.131,41438,65.55.57.251,4599,tcp,50,True,False
192.168.3.131,31524,65.55.57.251,5095,tcp,50,True,False
192.168.3.131,51023,65.55.57.251,4300,tcp,50,True,False
192.168.3.131,55950,72.14.213.102,80,tcp,1295981542,False,False
192.168.3.131,55955,207.46.148.38,80,tcp,1295981543,False,False
192.168.3.131,55954,65.55.17.37,80,tcp,1295981543,False,False
192.168.3.131,58264,208.82.236.129,80,tcp,1295981546,False,False
192.168.3.131,58265,208.82.236.129,80,tcp,1295981546,False,False
192.168.3.131,57721,72.14.213.105,443,tcp,1295981549,False,False
192.168.3.131,58272,208.82.236.129,80,tcp,1295981549,False,False
192.168.3.131,55963,65.54.95.140,80,tcp,1295981543,False,False
192.168.3.131,55973,65.54.95.142,80,tcp,1295981545,False,False
192.168.3.131,55960,206.108.207.139,80,tcp,1295981543,False,True
192.168.3.131,57038,74.217.50.10,80,tcp,1295981561,False,False
192.168.3.131,52201,72.14.213.102,443,tcp,1295981562,False,False
192.168.3.131,52203,72.14.213.102,443,tcp,1295981562,False,False
192.168.3.131,52204,72.14.213.102,443,tcp,1295981562,False,False
192.168.3.131,52205,72.14.213.102,443,tcp,1295981562,False,False
192.168.3.131,52206,72.14.213.102,443,tcp,1295981562,False,False
192.168.3.131,52207,72.14.213.102,443,tcp,1295981562,False,False
192.168.3.131,52209,72.14.213.102,443,tcp,1295981562,False,False
192.168.3.131,52208,72.14.213.102,443,tcp,1295981562,False,False
192.168.3.131,52211,72.14.213.102,443,tcp,1295981562,False,False
192.168.3.131,52210,72.14.213.102,443,tcp,1295981562,False,False
192.168.3.131,52212,72.14.213.102,443,tcp,1295981562,False,False
192.168.3.131,52213,72.14.213.102,443,tcp,1295981562,False,False
192.168.3.131,52214,72.14.213.102,443,tcp,1295981562,False,False
192.168.3.131,52215,72.14.213.102,443,tcp,1295981562,False,False
192.168.3.131,58303,208.82.236.129,80,tcp,1295981563,False,False
192.168.3.131,58304,208.82.236.129,80,tcp,1295981563,False,False
192.168.3.131,58305,208.82.236.129,80,tcp,1295981564,False,False
192.168.3.131,55956,66.235.139.121,80,tcp,1295981543,False,False
192.168.3.131,58310,208.82.236.129,80,tcp,1295981565,False,False
192.168.3.131,56042,207.46.148.38,80,tcp,1295981569,False,False
192.168.3.131,56052,207.46.148.38,80,tcp,1295981571,False,False
192.168.3.131,56012,65.54.95.140,80,tcp,1295981564,False,False
192.168.3.131,58327,208.82.236.129,80,tcp,1295981573,False,False
192.168.3.131,54600,224.0.0.252,5355,udp,1295981573,False,False
192.168.3.131,52248,65.54.95.39,80,tcp,1295981577,False,False
192.168.3.131,56066,65.54.95.75,80,tcp,1295981572,False,False
192.168.3.131,56067,65.54.95.75,80,tcp,1295981572,False,False
192.168.3.131,56068,65.54.95.68,80,tcp,1295981572,False,False
192.168.3.131,56065,65.54.95.68,80,tcp,1295981572,False,False
192.168.3.131,56053,66.235.133.62,80,tcp,1295981571,False,True
192.168.3.131,56038,65.54.95.140,80,tcp,1295981569,False,False
192.168.3.131,56041,65.54.95.140,80,tcp,1295981569,False,False
192.168.3.131,56037,65.54.95.140,80,tcp,1295981569,False,False
192.168.3.131,56040,65.54.95.140,80,tcp,1295981569,False,False
192.168.3.131,56039,65.54.95.140,80,tcp,1295981569,False,False
192.168.3.131,56036,65.54.95.140,80,tcp,1295981569,False,False
192.168.3.131,56030,65.54.95.140,80,tcp,1295981569,False,False
192.168.3.131,56033,65.54.95.140,80,tcp,1295981569,False,False
192.168.3.131,56032,65.54.95.140,80,tcp,1295981569,False,False
192.168.3.131,56031,65.54.95.140,80,tcp,1295981569,False,False
192.168.3.131,56026,65.54.95.140,80,tcp,1295981569,False,False
192.168.3.131,56027,65.54.95.140,80,tcp,1295981569,False,False
192.168.3.131,56028,65.54.95.142,80,tcp,1295981569,False,False
192.168.3.131,56029,65.54.95.142,80,tcp,1295981569,False,False
192.168.3.131,56044,65.54.95.216,80,tcp,1295981570,False,False
192.168.3.131,56070,65.54.95.68,80,tcp,1295981572,False,False
192.168.3.131,56064,65.54.95.75,80,tcp,1295981571,False,False
192.168.3.131,56057,65.54.95.66,80,tcp,1295981571,False,False
192.168.3.131,56059,65.54.95.39,80,tcp,1295981571,False,False
192.168.3.131,56055,65.54.95.39,80,tcp,1295981571,False,False
192.168.3.131,56056,65.54.95.39,80,tcp,1295981571,False,False
192.168.3.131,56069,65.54.95.75,80,tcp,1295981572,False,False
192.168.3.131,56073,65.54.95.75,80,tcp,1295981573,False,False
192.168.3.131,56050,66.235.139.121,80,tcp,1295981570,False,False
192.168.3.131,56021,66.235.139.121,80,tcp,1295981569,False,True
192.168.3.131,58350,208.82.236.129,80,tcp,1295981585,False,False
192.168.3.131,58351,208.82.236.130,80,tcp,1295981585,False,False
192.168.3.131,58352,208.82.236.130,80,tcp,1295981585,False,False
192.168.3.131,58353,208.82.236.130,80,tcp,1295981585,False,False
192.168.3.131,52257,65.54.95.39,80,tcp,1295981582,False,False
192.168.3.131,52266,65.54.95.39,80,tcp,1295981587,False,False
192.168.3.131,56092,65.54.95.68,80,tcp,1295981581,False,False
192.168.3.131,56093,65.54.95.68,80,tcp,1295981581,False,False
192.168.3.131,56090,65.54.95.75,80,tcp,1295981581,False,False
192.168.3.131,56091,65.54.95.75,80,tcp,1295981581,False,False
192.168.3.131,58360,208.82.236.129,80,tcp,1295981588,False,False
192.168.3.131,58361,208.82.236.130,80,tcp,1295981588,False,False
192.168.3.131,58377,208.82.236.130,80,tcp,1295981595,False,False
192.168.3.131,58378,208.82.236.130,80,tcp,1295981595,False,False
192.168.3.131,56129,207.46.148.38,80,tcp,1295981596,False,False
192.168.3.131,56135,207.46.148.38,80,tcp,1295981596,False,False
192.168.3.131,57838,72.14.213.105,80,tcp,1295981602,False,False
192.168.3.131,56132,65.54.95.140,80,tcp,1295981596,False,False
192.168.3.131,56127,65.54.95.140,80,tcp,1295981596,False,False
192.168.3.131,56128,65.54.95.140,80,tcp,1295981596,False,False
192.168.3.131,56133,65.54.95.216,80,tcp,1295981596,False,False
192.168.3.131,56140,65.54.95.68,80,tcp,1295981597,False,False
192.168.3.131,56110,65.54.95.68,80,tcp,1295981590,False,False
192.168.3.131,56139,65.54.95.75,80,tcp,1295981597,False,False
192.168.3.131,56060,65.54.95.39,80,tcp,1295981571,False,False
192.168.3.131,56112,65.54.95.68,80,tcp,1295981590,False,False
192.168.3.131,56111,65.54.95.75,80,tcp,1295981590,False,False
192.168.3.131,56113,65.54.95.75,80,tcp,1295981590,False,False
192.168.3.131,56141,65.54.95.75,80,tcp,1295981598,False,False
192.168.3.131,58388,208.82.236.129,80,tcp,1295981599,False,False
192.168.3.131,56126,66.235.139.121,80,tcp,1295981595,False,True
192.168.3.131,56163,207.46.148.38,80,tcp,1295981607,False,False
192.168.3.131,56167,12.129.210.71,80,tcp,1295981607,False,False
192.168.3.131,58410,208.82.236.129,80,tcp,1295981609,False,False
192.168.3.131,58389,208.82.236.130,80,tcp,1295981599,False,False
192.168.3.131,58381,204.9.163.166,80,tcp,1295981595,False,False
192.168.3.131,57838,72.14.213.105,80,tcp,1295981611,False,False
192.168.3.131,56165,65.54.95.140,80,tcp,1295981607,False,False
192.168.3.131,56166,65.54.95.216,80,tcp,1295981607,False,False
192.168.3.131,56160,65.54.95.68,80,tcp,1295981606,False,False
192.168.3.131,58416,208.82.236.129,80,tcp,1295981611,False,False
192.168.3.131,56161,66.235.139.121,80,tcp,1295981607,False,True
192.168.3.131,58434,208.82.236.129,80,tcp,1295981619,False,False
192.168.3.131,57757,239.255.255.250,1900,udp,1295981559,False,False
192.168.3.131,56134,66.235.133.62,80,tcp,1295981596,False,True
192.168.3.131,57878,72.14.203.102,80,tcp,1295981619,False,False
192.168.3.131,58439,208.82.236.129,80,tcp,1295981621,False,False
192.168.3.131,58417,208.82.236.130,80,tcp,1295981611,False,False
192.168.3.131,58411,204.9.163.166,80,tcp,1295981609,False,False
192.168.3.131,56174,65.54.95.68,80,tcp,1295981609,False,False
192.168.3.131,56194,65.54.95.68,80,tcp,1295981618,False,False
192.168.3.131,56175,65.54.95.75,80,tcp,1295981610,False,False
192.168.3.131,68,255.255.255.255,67,udp,1295981573,False,False
172.16.255.1,10616,204.9.163.158,80,tcp,1295981627,False,True
10.0.2.15,2489,65.55.25.60,80,tcp,1295981628,False,False
192.168.3.131,58440,208.82.236.129,80,tcp,1295981621,False,False
192.168.3.131,57071,72.14.213.156,80,tcp,1295981627,False,False
192.168.3.131,57032,72.14.213.167,80,tcp,1295981627,False,False
192.168.3.131,58464,208.82.236.129,80,tcp,1295981632,False,False
192.168.3.131,56213,65.54.95.75,80,tcp,1295981627,False,False
192.168.3.131,56214,65.54.95.75,80,tcp,1295981627,False,False
172.16.255.1,10617,204.9.163.158,80,tcp,1295981635,False,True
172.16.255.1,10618,204.9.163.158,80,tcp,1295981636,False,True
172.16.255.1,10619,204.9.163.158,80,tcp,1295981636,False,True
10.0.2.15,2498,65.55.25.60,443,tcp,1295981638,False,False
172.16.255.1,10620,204.9.163.158,80,tcp,1295981640,False,True
172.16.255.1,10621,147.31.122.1,18165,tcp,1295981641,False,False
192.168.3.131,55968,72.14.213.101,80,tcp,1295981545,False,True
192.168.3.131,58485,208.82.236.129,80,tcp,1295981642,False,False
192.168.3.131,58486,208.82.236.130,80,tcp,1295981642,False,False
192.168.3.131,58490,208.82.236.130,80,tcp,1295981643,False,False
192.168.3.131,56233,65.54.95.68,80,tcp,1295981636,False,False
192.168.3.131,56236,65.54.95.68,80,tcp,1295981636,False,False
192.168.3.131,56235,65.54.95.68,80,tcp,1295981636,False,False
192.168.3.131,56234,65.54.95.75,80,tcp,1295981636,False,False
172.16.255.1,10623,194.165.188.79,33033,tcp,1295981644,False,False
172.16.255.1,54048,224.0.0.252,5355,udp,1295981640,False,False
172.16.255.1,10624,213.166.51.4,33033,tcp,1295981645,False,False
172.16.255.1,10625,194.165.188.79,33033,tcp,1295981646,False,False
172.16.255.1,10626,213.166.51.4,33033,tcp,1295981647,False,False
172.16.255.1,10628,194.165.188.76,12350,tcp,1295981648,False,False
172.16.255.1,10629,212.8.166.36,12350,tcp,1295981648,False,False
172.16.255.1,10630,204.9.163.158,80,tcp,1295981648,False,True
172.16.255.1,10631,204.9.163.184,12350,tcp,1295981649,False,False
172.16.255.1,10632,194.165.188.76,12350,tcp,1295981650,False,False
172.16.255.1,10633,212.8.166.36,12350,tcp,1295981650,False,False
172.16.255.1,10634,204.9.163.184,12350,tcp,1295981651,False,False
192.168.3.131,57885,72.14.213.103,80,tcp,1295981651,False,False
192.168.3.131,57888,72.14.213.103,80,tcp,1295981651,False,False
192.168.3.131,57895,72.14.213.103,80,tcp,1295981651,False,False
192.168.3.131,57894,72.14.213.103,80,tcp,1295981651,False,False
192.168.3.131,57892,72.14.213.103,80,tcp,1295981651,False,False
192.168.3.131,57890,72.14.213.103,80,tcp,1295981651,False,False
192.168.3.131,57898,72.14.213.103,80,tcp,1295981651,False,False
192.168.3.131,57886,72.14.213.103,80,tcp,1295981651,False,False
192.168.3.131,57893,72.14.213.103,80,tcp,1295981651,False,False
192.168.3.131,57883,72.14.213.103,80,tcp,1295981651,False,False
192.168.3.131,57887,72.14.213.103,80,tcp,1295981651,False,False
192.168.3.131,57881,72.14.213.103,80,tcp,1295981651,False,False
192.168.3.131,57900,72.14.213.103,80,tcp,1295981651,False,False
192.168.3.131,57879,72.14.213.103,80,tcp,1295981651,False,False
192.168.3.131,57889,72.14.213.103,80,tcp,1295981651,False,False
192.168.3.131,57899,72.14.213.103,80,tcp,1295981651,False,False
192.168.3.131,57891,72.14.213.103,80,tcp,1295981652,False,False
192.168.3.131,57901,72.14.213.103,80,tcp,1295981652,False,False
192.168.3.131,57884,72.14.213.103,80,tcp,1295981652,False,False
192.168.3.131,57882,72.14.213.103,80,tcp,1295981652,False,False
192.168.3.131,57902,72.14.213.103,80,tcp,1295981652,False,False
192.168.3.131,57896,72.14.213.103,80,tcp,1295981652,False,False
192.168.3.131,56255,65.54.95.68,80,tcp,1295981645,False,False
192.168.3.131,56257,65.54.95.75,80,tcp,1295981645,False,False
192.168.3.131,56256,65.54.95.75,80,tcp,1295981645,False,False
10.0.2.15,2527,64.4.9.254,1863,tcp,1295981655,False,False
10.0.2.15,2526,65.54.186.19,443,tcp,1295981655,False,False
192.168.3.131,58487,208.82.236.129,80,tcp,1295981642,False,False
192.168.3.131,58517,208.82.236.130,80,tcp,1295981657,False,False
10.0.2.15,2498,65.55.25.60,443,tcp,1295981658,False,False
172.16.255.1,10639,204.9.163.181,443,tcp,1295981654,False,False
172.16.255.1,10643,204.9.163.181,443,tcp,1295981655,False,False
172.16.255.1,10641,204.9.163.181,443,tcp,1295981655,False,False
172.16.255.1,10642,204.9.163.181,443,tcp,1295981655,False,False
172.16.255.1,10640,204.9.163.181,443,tcp,1295981655,False,False
172.16.255.1,10627,194.165.188.79,443,tcp,1295981647,False,False
172.16.255.1,10649,184.85.226.161,443,tcp,1295981658,False,False
10.0.2.15,49796,10.0.2.3,53,udp,1295981655,False,False
10.0.2.15,50559,10.0.2.3,53,udp,1295981655,False,False
192.168.3.131,57231,72.14.213.156,80,tcp,1295981660,False,False
192.168.3.131,57230,72.14.213.156,80,tcp,1295981660,False,False
192.168.3.131,57881,72.14.213.103,80,tcp,1295981661,False,False
192.168.3.131,57883,72.14.213.103,80,tcp,1295981661,False,False
192.168.3.131,57879,72.14.213.103,80,tcp,1295981661,False,False
192.168.3.131,57884,72.14.213.103,80,tcp,1295981661,False,False
192.168.3.131,57882,72.14.213.103,80,tcp,1295981661,False,False
192.168.3.131,57880,72.14.213.103,80,tcp,1295981656,False,False
192.168.3.131,57888,72.14.213.103,80,tcp,1295981661,False,False
192.168.3.131,57886,72.14.213.103,80,tcp,1295981661,False,False
192.168.3.131,57885,72.14.213.103,80,tcp,1295981661,False,False
192.168.3.131,57890,72.14.213.103,80,tcp,1295981661,False,False
192.168.3.131,57887,72.14.213.103,80,tcp,1295981661,False,False
192.168.3.131,57889,72.14.213.103,80,tcp,1295981661,False,False
192.168.3.131,57898,72.14.213.103,80,tcp,1295981661,False,False
192.168.3.131,57900,72.14.213.103,80,tcp,1295981661,False,False
192.168.3.131,57899,72.14.213.103,80,tcp,1295981661,False,False
192.168.3.131,57901,72.14.213.103,80,tcp,1295981661,False,False
192.168.3.131,57902,72.14.213.103,80,tcp,1295981661,False,False
192.168.3.131,57897,72.14.213.103,80,tcp,1295981657,False,False
192.168.3.131,57895,72.14.213.103,80,tcp,1295981661,False,False
192.168.3.131,57894,72.14.213.103,80,tcp,1295981661,False,False
192.168.3.131,57892,72.14.213.103,80,tcp,1295981661,False,False
192.168.3.131,57893,72.14.213.103,80,tcp,1295981661,False,False
192.168.3.131,57891,72.14.213.103,80,tcp,1295981661,False,False
192.168.3.131,57896,72.14.213.103,80,tcp,1295981661,False,False
192.168.3.131,57024,72.14.213.101,80,tcp,1295981659,False,False
172.16.255.1,10661,67.215.65.132,443,tcp,1295981661,False,False
172.16.255.1,10665,67.215.65.132,443,tcp,1295981661,False,False
172.16.255.1,10664,67.215.65.132,443,tcp,1295981661,False,False
172.16.255.1,10669,204.194.237.136,80,tcp,1295981662,False,False
172.16.255.1,10668,204.194.237.136,80,tcp,1295981662,False,False
172.16.255.1,10670,204.194.237.136,80,tcp,1295981662,False,False
10.0.2.15,54657,10.0.2.3,53,udp,1295981658,False,False
10.0.2.15,57524,10.0.2.3,53,udp,1295981658,False,False
172.16.255.1,10672,212.8.163.80,54900,tcp,1295981663,False,False
172.16.255.1,10673,212.8.163.80,54900,tcp,1295981663,False,False
10.0.2.15,2543,65.55.116.184,80,tcp,1295981664,False,False
10.0.2.15,54795,10.0.2.3,53,udp,1295981659,False,False
10.0.2.15,61870,10.0.2.3,53,udp,1295981659,False,False
10.0.2.15,64982,10.0.2.3,53,udp,1295981660,False,False
172.16.255.1,10658,109.173.29.34,443,tcp,1295981660,False,True
172.16.255.1,10671,109.227.83.224,443,tcp,1295981662,False,True
172.16.255.1,10674,212.8.163.80,43400,tcp,1295981665,False,False
172.16.255.1,10675,212.8.163.80,43400,tcp,1295981665,False,False
172.16.255.1,137,172.16.255.255,137,udp,1295981640,False,False
10.0.2.15,2545,91.103.140.2,80,tcp,1295981664,False,False
172.16.255.1,10676,204.9.163.160,35777,tcp,1295981666,False,False
172.16.255.1,10677,204.9.163.160,35777,tcp,1295981666,False,False
192.168.3.131,56035,65.55.118.107,80,tcp,1295981569,False,False
172.16.255.1,10678,212.8.163.80,54900,tcp,1295981668,False,False
172.16.255.1,10679,212.8.163.80,54900,tcp,1295981668,False,False
10.0.2.15,57632,10.0.2.3,53,udp,1295981663,False,False
172.16.255.1,10635,194.165.188.76,443,tcp,1295981652,False,False
10.0.2.15,62310,10.0.2.3,53,udp,1295981664,False,False
192.168.3.131,58542,208.82.236.129,80,tcp,1295981669,False,False
192.168.3.131,58543,208.82.236.130,80,tcp,1295981669,False,False
10.0.2.15,59794,10.0.2.3,53,udp,1295981664,False,False
192.168.3.131,58443,204.9.163.166,80,tcp,1295981622,False,False
172.16.255.1,10659,109.255.178.86,443,tcp,1295981660,False,False
172.16.255.1,10685,204.9.163.160,35777,tcp,1295981670,False,False
172.16.255.1,10686,204.9.163.160,35777,tcp,1295981670,False,False
10.0.2.15,58511,10.0.2.3,53,udp,1295981665,False,False
192.168.3.131,56051,207.46.0.109,80,tcp,1295981570,False,False
172.16.255.1,10636,212.8.166.36,443,tcp,1295981652,False,False
10.0.2.15,2549,65.55.116.184,80,tcp,1295981671,False,False
192.168.3.131,57847,72.14.213.147,80,tcp,1295981668,False,False
172.16.255.1,10638,130.117.72.100,443,tcp,1295981653,False,False
10.0.2.15,58971,10.0.2.3,53,udp,1295981668,False,False
192.168.3.131,55966,63.215.202.48,80,tcp,1295981543,False,False
192.168.3.131,56136,206.108.207.163,80,tcp,1295981596,False,True
192.168.3.131,56169,206.108.207.155,80,tcp,1295981608,False,True
192.168.3.131,55967,63.215.202.49,80,tcp,1295981544,False,False
192.168.3.131,56292,65.54.95.68,80,tcp,1295981663,False,False
192.168.3.131,56318,207.46.148.38,80,tcp,1295981674,False,False
192.168.3.131,56325,207.46.148.38,80,tcp,1295981675,False,False
172.16.255.1,10690,109.173.29.34,443,tcp,1295981675,False,True
172.16.255.1,10689,109.227.83.224,443,tcp,1295981675,False,True
172.16.255.1,10659,109.255.178.86,443,tcp,1295981675,False,False
192.168.3.131,56319,65.54.95.140,80,tcp,1295981674,False,False
192.168.3.131,56331,65.54.95.68,80,tcp,1295981676,False,False
192.168.3.131,56326,65.54.95.39,80,tcp,1295981675,False,False
192.168.3.131,56313,65.54.95.75,80,tcp,1295981672,False,False
192.168.3.131,56314,65.54.95.75,80,tcp,1295981672,False,False
192.168.3.131,56332,65.54.95.75,80,tcp,1295981676,False,False
192.168.3.131,56323,66.235.133.62,80,tcp,1295981675,False,True
192.168.3.131,56317,66.235.139.121,80,tcp,1295981674,False,True
192.168.3.131,56357,207.46.148.38,80,tcp,1295981687,False,False
192.168.3.131,56362,207.46.148.38,80,tcp,1295981688,False,False
172.16.255.1,10687,109.90.123.126,443,tcp,1295981671,False,False
192.168.3.131,58544,208.82.236.129,80,tcp,1295981669,False,False
10.0.2.15,59686,10.0.2.3,53,udp,1295981685,False,False
10.0.2.15,2551,70.37.129.34,80,tcp,1295981685,False,False
10.0.2.15,2529,207.46.96.145,80,tcp,1295981658,False,False
172.16.255.1,10659,109.255.178.86,443,tcp,1295981691,False,False
172.16.255.1,10684,109.229.25.126,443,tcp,1295981669,False,True
192.168.3.131,56359,65.54.95.140,80,tcp,1295981687,False,False
192.168.3.131,56360,65.54.95.140,80,tcp,1295981687,False,False
192.168.3.131,56358,65.54.95.140,80,tcp,1295981687,False,False
192.168.3.131,56368,65.54.95.68,80,tcp,1295981689,False,False
192.168.3.131,56363,65.54.95.39,80,tcp,1295981688,False,False
192.168.3.131,56351,65.54.95.68,80,tcp,1295981685,False,False
192.168.3.131,56327,76.74.140.168,80,tcp,1295981675,False,False
172.16.255.1,50983,71.224.25.112,33695,udp,1295981640,False,False
172.16.255.1,68,255.255.255.255,67,udp,1295981640,False,False
172.16.255.1,68,172.16.0.1,67,udp,1295981640,False,False
172.16.255.1,50983,156.26.54.15,4300,udp,1295981640,False,False
172.16.255.1,50983,178.144.253.171,43217,udp,1295981640,False,False
172.16.255.1,50983,147.31.122.1,18165,udp,1295981640,False,False
172.16.255.1,50983,75.76.39.18,35877,udp,1295981641,False,False
172.16.255.1,50983,69.255.24.214,24506,udp,1295981641,False,False
172.16.255.1,50983,67.163.123.10,39466,udp,1295981641,False,False
172.16.255.1,50983,74.75.251.207,39109,udp,1295981641,False,False
172.16.255.1,50983,128.173.201.171,23537,udp,1295981641,False,False
192.168.3.131,56361,66.235.133.62,80,tcp,1295981687,False,True
192.168.3.131,56356,66.235.139.121,80,tcp,1295981687,False,True
172.16.255.1,54052,239.255.255.250,1900,udp,1295981644,False,False
192.168.3.131,58608,208.82.236.129,80,tcp,1295981699,False,False
172.16.255.1,50983,67.82.196.121,10662,udp,1295981645,False,False
172.16.255.1,50983,190.213.192.39,9009,udp,1295981645,False,False
10.0.2.15,2542,207.46.113.78,443,tcp,1295981663,False,False
172.16.255.1,50983,190.39.220.172,443,udp,1295981645,False,False
172.16.255.1,50983,67.84.192.140,443,udp,1295981645,False,False
172.16.255.1,50983,188.231.175.85,21827,udp,1295981645,False,False
172.16.255.1,50983,67.9.27.118,48240,udp,1295981645,False,False
172.16.255.1,50983,67.117.28.180,56259,udp,1295981645,False,False
172.16.255.1,50983,188.2.252.64,43699,udp,1295981645,False,False
172.16.255.1,54055,172.16.0.1,5351,udp,1295981644,False,False
10.0.2.15,61133,10.0.2.3,53,udp,1295981696,False,False
192.168.3.131,56386,65.54.95.68,80,tcp,1295981698,False,False
192.168.3.131,56369,65.54.95.75,80,tcp,1295981689,False,False
172.16.255.1,50983,208.88.186.244,13392,udp,1295981650,False,False
10.0.2.15,2544,207.46.113.78,443,tcp,1295981664,False,False
172.16.255.1,50983,209.105.148.72,56138,udp,1295981650,False,False
172.16.255.1,50983,71.67.132.22,28376,udp,1295981650,False,False
172.16.255.1,50983,124.144.10.123,50583,udp,1295981650,False,False
172.16.255.1,50983,190.213.76.21,62669,udp,1295981650,False,False
172.16.255.1,50983,95.68.58.110,17865,udp,1295981650,False,False
172.16.255.1,50983,130.206.167.238,54002,udp,1295981650,False,False
172.16.255.1,50983,87.5.175.49,42341,udp,1295981649,False,False
192.168.3.131,56420,207.46.148.38,80,tcp,1295981709,False,False
172.16.255.1,50983,71.67.129.20,21319,udp,1295981650,False,False
172.16.255.1,50983,24.193.140.50,9911,udp,1295981655,False,False
172.16.255.1,50983,92.255.161.104,43708,udp,1295981650,False,False
172.16.255.1,50983,88.203.161.148,13899,udp,1295981655,False,False
172.16.255.1,50983,178.25.111.25,33453,udp,1295981650,False,False
172.16.255.1,50983,208.88.186.242,13392,udp,1295981655,False,False
172.16.255.1,50983,89.34.75.134,23924,udp,1295981650,False,False
192.168.3.131,56407,65.54.95.75,80,tcp,1295981707,False,False
192.168.3.131,56408,65.54.95.75,80,tcp,1295981707,False,False
172.16.255.1,50983,182.166.37.160,60573,udp,1295981650,False,False
172.16.255.1,50983,88.198.13.111,21368,udp,1295981650,False,False
172.16.255.1,50983,218.166.122.86,22511,udp,1295981650,False,False
172.16.255.1,50983,79.143.161.140,32575,udp,1295981650,False,False
172.16.255.1,50983,87.64.66.227,31783,udp,1295981650,False,False
172.16.255.1,50983,213.19.120.150,16763,udp,1295981657,False,False
172.16.255.1,50983,114.46.144.25,29080,udp,1295981657,False,False
172.16.255.1,50983,65.35.35.4,34467,udp,1295981650,False,False
172.16.255.1,50983,87.121.79.141,29347,udp,1295981650,False,False
172.16.255.1,50983,217.174.56.245,8395,udp,1295981650,False,False
172.16.255.1,50983,111.249.130.107,42403,udp,1295981658,False,False
172.16.255.1,50983,174.48.244.28,31727,udp,1295981649,False,False
172.16.255.1,10637,204.9.163.184,443,tcp,1295981652,False,False
10.0.2.15,2531,207.46.125.253,7001,udp,1295981658,False,False
10.0.2.15,2532,207.46.125.253,7001,udp,1295981658,False,False
172.16.255.1,50983,194.171.12.150,44386,udp,1295981649,False,False
10.0.2.15,2532,207.46.125.254,7001,udp,1295981659,False,False
172.16.255.1,50983,95.160.236.51,32683,udp,1295981657,False,False
10.0.2.15,2535,207.46.125.253,7001,udp,1295981659,False,False
172.16.255.1,50983,76.167.181.32,10848,udp,1295981659,False,False
172.16.255.1,50983,70.80.140.19,64588,udp,1295981659,False,False
172.16.255.1,50983,173.178.118.29,54049,udp,1295981659,False,False
10.0.2.15,2538,207.46.125.254,7001,udp,1295981659,False,False
172.16.255.1,50983,109.227.83.14,6536,udp,1295981659,False,False
172.16.255.1,50983,66.209.190.84,4813,udp,1295981660,False,False
172.16.255.1,50983,93.181.202.185,30757,udp,1295981660,False,False
172.16.255.1,50983,82.226.125.157,45834,udp,1295981660,False,False
172.16.255.1,50983,71.10.26.41,14168,udp,1295981660,False,False
172.16.255.1,50983,213.64.95.196,7892,udp,1295981660,False,False
172.16.255.1,50983,99.96.126.9,32178,udp,1295981660,False,False
10.0.2.15,48575,10.0.2.2,1900,udp,1295981659,False,False
10.0.2.2,11,10.0.2.15,0,icmp,1295981659,False,False
10.0.2.15,59365,10.0.2.3,53,udp,1295981711,False,False
172.16.255.1,50983,207.47.250.146,52634,udp,1295981661,False,False
172.16.255.1,50983,111.250.201.8,62599,udp,1295981661,False,False
10.0.2.15,2552,70.37.129.32,80,tcp,1295981696,False,False
10.0.2.15,2553,70.37.129.34,80,tcp,1295981710,False,False
172.16.255.1,50983,66.209.190.84,53679,udp,1295981662,False,False
192.168.3.131,56401,66.235.139.121,80,tcp,1295981704,False,True
172.16.255.1,50983,92.247.222.20,25987,udp,1295981650,False,False
172.16.255.1,50983,190.164.247.173,29044,udp,1295981663,False,False
172.16.255.1,50983,82.58.187.140,43187,udp,1295981663,False,False
172.16.255.1,50983,95.139.1.252,13208,udp,1295981662,False,False
172.16.255.1,50983,207.172.53.166,42304,udp,1295981661,False,False
172.16.255.1,50983,94.248.101.181,38685,udp,1295981663,False,False
172.16.255.1,50983,188.246.82.7,32291,udp,1295981663,False,False
172.16.255.1,50983,80.221.22.161,30425,udp,1295981663,False,False
172.16.255.1,50983,114.33.52.13,38843,udp,1295981663,False,False
172.16.255.1,50983,212.50.66.122,52091,udp,1295981663,False,False
192.168.3.131,56435,65.54.95.75,80,tcp,1295981710,False,False
192.168.3.131,56436,65.54.95.75,80,tcp,1295981710,False,False
10.0.2.15,2554,70.37.129.34,80,tcp,1295981711,False,False
10.0.2.15,2528,65.54.189.173,1863,tcp,1295981656,False,False
172.16.255.1,50983,110.67.111.103,64228,udp,1295981665,False,False
172.16.255.1,50983,186.80.218.34,3290,udp,1295981664,False,False
172.16.255.1,50983,218.173.246.133,21363,udp,1295981665,False,False
172.16.255.1,50983,125.232.97.116,60875,udp,1295981665,False,False
10.0.2.15,2550,64.4.35.57,1863,tcp,1295981676,False,True
172.16.255.1,50983,118.6.206.252,48570,udp,1295981657,False,False
172.16.255.1,50983,95.86.252.198,6192,udp,1295981655,False,False
172.16.255.1,50983,114.46.199.16,59468,udp,1295981663,False,False
172.16.255.1,50983,134.2.48.153,8984,udp,1295981666,False,False
172.16.255.1,50983,24.192.137.36,45156,udp,1295981666,False,False
172.16.255.1,50983,92.224.118.42,50289,udp,1295981663,False,False
172.16.255.1,50983,189.126.44.128,3192,udp,1295981666,False,False
172.16.255.1,50983,84.197.9.59,44808,udp,1295981666,False,False
192.168.3.131,56048,66.220.149.32,80,tcp,1295981570,False,True
172.16.255.1,50983,67.170.187.174,38922,udp,1295981666,False,False
172.16.255.1,50983,145.94.52.184,11610,udp,1295981666,False,False
172.16.255.1,50983,98.243.160.202,53755,udp,1295981666,False,False
192.168.3.131,57949,195.27.155.40,80,tcp,1295981721,False,False
172.16.255.1,50983,94.41.86.170,9113,udp,1295981666,False,False
192.168.3.131,56423,65.54.95.149,80,tcp,1295981709,False,False
192.168.3.131,56419,65.54.95.140,80,tcp,1295981709,False,False
192.168.3.131,56415,65.54.95.140,80,tcp,1295981708,False,False
192.168.3.131,56417,65.54.95.140,80,tcp,1295981709,False,False
192.168.3.131,56414,65.54.95.140,80,tcp,1295981708,False,False
192.168.3.131,56416,65.54.95.140,80,tcp,1295981709,False,False
192.168.3.131,56418,65.54.95.140,80,tcp,1295981709,False,False
192.168.3.131,56422,65.54.95.140,80,tcp,1295981709,False,False
192.168.3.131,56457,65.54.95.68,80,tcp,1295981719,False,False
192.168.3.131,56434,65.54.95.68,80,tcp,1295981710,False,False
192.168.3.131,56433,65.54.95.68,80,tcp,1295981710,False,False
192.168.3.131,56428,65.54.95.68,80,tcp,1295981710,False,False
192.168.3.131,56427,65.54.95.75,80,tcp,1295981710,False,False
192.168.3.131,56406,65.54.95.68,80,tcp,1295981707,False,False
192.168.3.131,56429,65.54.95.68,80,tcp,1295981710,False,False
192.168.3.131,56454,65.54.95.75,80,tcp,1295981719,False,False
192.168.3.131,56438,65.54.95.75,80,tcp,1295981711,False,False
192.168.3.131,56455,65.54.95.75,80,tcp,1295981719,False,False
192.168.3.131,56456,65.54.95.75,80,tcp,1295981719,False,False
172.16.255.1,10667,194.192.199.252,443,tcp,1295981661,False,False
172.16.255.1,50983,145.120.22.109,51491,udp,1295981665,False,False
172.16.255.1,50983,24.78.140.118,24884,udp,1295981663,False,False
172.16.255.1,50983,129.132.232.116,7704,udp,1295981668,False,False
172.16.255.1,50983,212.8.163.80,43400,udp,1295981671,False,False
192.168.3.131,58666,208.82.236.129,80,tcp,1295981727,False,False
172.16.255.1,10683,109.173.29.34,443,tcp,1295981669,False,True
172.16.255.1,10682,109.227.83.224,443,tcp,1295981669,False,False
192.168.3.131,58609,208.82.236.130,80,tcp,1295981699,False,False
192.168.3.131,58668,208.82.236.130,80,tcp,1295981727,False,False
172.16.255.1,50983,85.65.191.56,29464,udp,1295981666,False,False
172.16.255.1,50983,2.120.66.172,23852,udp,1295981672,False,False
172.16.255.1,10692,10.1.1.2,50023,tcp,1295981728,False,False
172.16.255.1,10693,10.1.1.2,50023,tcp,1295981728,False,False
172.16.255.1,50983,70.67.177.253,52967,udp,1295981670,False,False
10.0.2.15,2539,198.104.200.146,80,tcp,1295981659,False,False
10.0.2.15,2536,65.55.15.244,80,tcp,1295981659,False,False
10.0.2.15,2537,65.55.15.244,80,tcp,1295981659,False,False
10.0.2.15,2540,207.46.105.186,80,tcp,1295981660,False,False
10.0.2.15,2547,96.17.8.49,80,tcp,1295981666,False,False
10.0.2.15,2546,91.103.140.2,80,tcp,1295981665,False,False
10.0.2.15,2548,65.54.167.27,80,tcp,1295981668,False,False
172.16.255.1,50983,97.103.179.155,2151,udp,1295981677,False,False
172.16.255.1,50983,148.88.200.63,42843,udp,1295981671,False,False
172.16.255.1,10694,10.1.1.2,50023,tcp,1295981732,False,False
172.16.255.1,10695,10.1.1.2,50023,tcp,1295981732,False,False
192.168.3.131,56476,65.54.95.68,80,tcp,1295981728,False,False
192.168.3.131,56477,65.54.95.75,80,tcp,1295981728,False,False
192.168.3.131,56479,65.54.95.75,80,tcp,1295981728,False,False
192.168.3.131,56478,65.54.95.75,80,tcp,1295981728,False,False
172.16.255.1,50983,212.8.163.80,54900,udp,1295981655,False,False
172.16.255.1,61993,239.255.255.250,1900,udp,1295981679,False,False
172.16.255.1,50983,204.9.163.160,35777,udp,1295981673,False,False
192.168.3.131,56495,207.46.148.38,80,tcp,1295981735,False,False
192.168.3.131,56328,76.74.140.168,80,tcp,1295981675,False,False
192.168.3.131,56506,207.46.148.38,80,tcp,1295981735,False,False
172.16.255.1,61996,172.16.0.1,5351,udp,1295981679,False,False
10.0.2.15,2489,65.55.25.60,5480,tcp,1295981738,False,False
192.168.3.131,56504,65.54.95.140,80,tcp,1295981735,False,False
172.16.255.1,10697,109.173.29.34,443,tcp,1295981733,False,False
172.16.255.1,10696,109.227.83.224,443,tcp,1295981733,False,True
65.55.25.60,5443,10.0.2.15,2498,tcp,1295981748,False,False
192.168.3.131,57173,208.50.77.73,80,tcp,1295981749,False,False
192.168.3.131,57149,208.50.77.73,80,tcp,1295981749,False,False
192.168.3.131,57150,208.50.77.73,80,tcp,1295981749,False,False
192.168.3.131,57121,208.50.77.136,80,tcp,1295981749,False,False
192.168.3.131,57173,208.50.77.73,5480,tcp,1295981749,False,False
192.168.3.131,57149,208.50.77.73,5480,tcp,1295981749,False,False
192.168.3.131,57150,208.50.77.73,5480,tcp,1295981749,False,False
192.168.3.131,57121,208.50.77.136,5480,tcp,1295981749,False,False
172.16.255.1,10655,128.241.90.211,80,tcp,1295981658,False,True
172.16.255.1,10653,128.241.90.211,80,tcp,1295981658,False,True
172.16.255.1,10654,128.241.90.211,80,tcp,1295981658,False,True
172.16.255.1,10648,66.235.143.184,443,tcp,1295981658,False,False
172.16.255.1,10691,184.85.226.161,443,tcp,1295981693,False,False
172.16.255.1,10652,184.85.226.161,443,tcp,1295981658,False,False
172.16.255.1,10651,184.85.226.161,443,tcp,1295981658,False,False
172.16.255.1,10646,184.85.226.161,443,tcp,1295981657,False,False
172.16.255.1,10647,184.85.226.161,443,tcp,1295981657,False,False
172.16.255.1,10650,184.85.226.161,443,tcp,1295981658,False,False
192.168.3.131,58667,208.82.236.129,80,tcp,1295981727,False,False
192.168.3.131,58737,208.82.236.129,80,tcp,1295981761,False,False
192.168.3.131,57058,65.55.57.251,80,tcp,1295981764,False,False
65.55.57.251,5480,192.168.3.131,57058,tcp,1295981764,False,False
192.168.3.131,57242,66.235.136.89,443,tcp,1295981764,False,False
192.168.3.131,57145,208.50.77.97,80,tcp,1295981764,False,False
192.168.3.131,57147,208.50.77.97,80,tcp,1295981764,False,False
192.168.3.131,57242,66.235.136.89,8443,tcp,1295981764,False,False
192.168.3.131,57145,208.50.77.97,5480,tcp,1295981764,False,False
192.168.3.131,57147,208.50.77.97,5480,tcp,1295981764,False,False
10.0.2.15,2527,64.4.9.254,61863,tcp,1295981765,False,False
10.0.2.15,2526,65.54.186.19,5443,tcp,1295981765,False,False
10.0.2.15,138,10.0.2.255,138,udp,1295981711,False,False
192.168.3.131,58750,208.82.236.129,80,tcp,1295981767,False,False
10.0.2.15,2498,65.55.25.60,5443,tcp,1295981768,False,False
10.0.2.15,49796,10.0.2.3,53,udp,1295981765,False,False
10.0.2.15,50559,10.0.2.3,53,udp,1295981765,False,False
192.168.3.131,58757,208.82.236.129,80,tcp,1295981770,False,False
10.0.2.15,54657,10.0.2.3,53,udp,1295981768,False,False
10.0.2.15,57524,10.0.2.3,53,udp,1295981768,False,False
10.0.2.15,2543,65.55.116.184,5480,tcp,1295981774,False,False
10.0.2.15,54795,10.0.2.3,53,udp,1295981769,False,False
10.0.2.15,61870,10.0.2.3,53,udp,1295981769,False,False
192.168.3.131,58766,208.82.236.129,80,tcp,1295981774,False,False
10.0.2.15,64982,10.0.2.3,53,udp,1295981770,False,False
10.0.2.15,2545,91.103.140.2,5480,tcp,1295981774,False,False
10.0.2.15,57632,10.0.2.3,53,udp,1295981773,False,False
10.0.2.15,62310,10.0.2.3,53,udp,1295981774,False,False
10.0.2.15,59794,10.0.2.3,53,udp,1295981774,False,False
192.168.3.131,57198,69.63.181.15,80,tcp,1295981779,False,False
192.168.3.131,57192,69.63.181.15,80,tcp,1295981779,False,False
192.168.3.131,57204,208.50.77.134,80,tcp,1295981779,False,False
192.168.3.131,57203,208.50.77.134,80,tcp,1295981779,False,False
192.168.3.131,57202,208.50.77.134,80,tcp,1295981779,False,False
192.168.3.131,57205,208.50.77.134,80,tcp,1295981779,False,False
192.168.3.131,57201,208.50.77.134,80,tcp,1295981779,False,False
192.168.3.131,57186,208.50.77.134,80,tcp,1295981779,False,False
192.168.3.131,58777,208.82.236.129,80,tcp,1295981779,False,False
192.168.3.131,57198,69.63.181.15,5480,tcp,1295981779,False,False
192.168.3.131,57192,69.63.181.15,5480,tcp,1295981779,False,False
192.168.3.131,57204,208.50.77.134,5480,tcp,1295981779,False,False
192.168.3.131,57203,208.50.77.134,5480,tcp,1295981779,False,False
192.168.3.131,57202,208.50.77.134,5480,tcp,1295981779,False,False
192.168.3.131,57205,208.50.77.134,5480,tcp,1295981779,False,False
192.168.3.131,57201,208.50.77.134,5480,tcp,1295981779,False,False
192.168.3.131,57186,208.50.77.134,5480,tcp,1295981779,False,False
10.0.2.15,58511,10.0.2.3,53,udp,1295981775,False,False
10.0.2.15,2549,65.55.116.184,5480,tcp,1295981781,False,False
192.168.3.131,58786,208.82.236.129,80,tcp,1295981782,False,False
192.168.3.131,58787,208.82.236.130,80,tcp,1295981782,False,False
10.0.2.15,58971,10.0.2.3,53,udp,1295981778,False,False
192.168.3.131,58788,208.82.236.129,80,tcp,1295981782,False,False
192.168.3.131,58793,208.82.236.130,80,tcp,1295981783,False,False
192.168.3.131,58794,208.82.236.130,80,tcp,1295981783,False,False
192.168.3.131,58547,204.9.163.166,80,tcp,1295981669,False,False
172.16.255.1,137,172.16.255.255,137,udp,1295981768,False,False
192.168.3.131,57011,72.14.213.138,80,tcp,1295981542,False,False
192.168.3.131,58789,209.17.73.30,80,tcp,1295981782,False,False
192.168.3.131,58790,209.17.73.30,80,tcp,1295981782,False,False
192.168.3.131,58547,204.9.163.166,80,tcp,1295981793,False,False
192.168.3.131,57180,65.55.15.244,80,tcp,1295981794,False,False
192.168.3.131,57213,74.125.127.148,80,tcp,1295981794,False,False
192.168.3.131,57176,65.55.206.9,80,tcp,1295981794,False,False
192.168.3.131,57174,208.50.77.97,80,tcp,1295981794,False,False
192.168.3.131,57180,65.55.15.244,5480,tcp,1295981794,False,False
192.168.3.131,57213,74.125.127.148,5480,tcp,1295981794,False,False
192.168.3.131,57176,65.55.206.9,5480,tcp,1295981794,False,False
192.168.3.131,57174,208.50.77.97,5480,tcp,1295981794,False,False
172.16.255.1,60061,239.255.255.250,1900,udp,1295981734,False,False
172.16.255.1,50983,10.1.1.2,50023,udp,1295981735,False,False
66.209.190.254,3,172.16.255.1,13,icmp,1295981737,False,False
172.16.255.1,50983,24.54.5.14,23389,udp,1295981745,False,False
10.0.2.15,59686,10.0.2.3,53,udp,1295981795,False,False
10.0.2.15,2551,70.37.129.34,5480,tcp,1295981795,False,False
10.0.2.15,2529,207.46.96.145,5480,tcp,1295981768,False,False
192.168.3.131,58830,208.82.236.129,80,tcp,1295981801,False,False
192.168.3.131,58795,204.9.163.166,80,tcp,1295981784,False,False
172.16.255.1,10704,67.215.65.132,445,tcp,1295981802,False,False
192.168.3.131,52202,72.14.213.102,443,tcp,1295981562,False,False
192.168.3.131,58547,204.9.163.166,80,tcp,1295981803,False,False
172.16.255.1,10705,67.215.65.132,445,tcp,1295981803,False,False
192.168.3.131,57191,207.46.216.54,80,tcp,1295981809,False,False
192.168.3.131,57191,207.46.216.54,5480,tcp,1295981809,False,False
10.0.2.15,2542,207.46.113.78,5443,tcp,1295981773,False,False
172.16.255.1,10704,67.215.65.132,445,tcp,1295981811,False,False
10.0.2.15,61133,10.0.2.3,53,udp,1295981806,False,False
172.16.255.1,10705,67.215.65.132,445,tcp,1295981812,False,False
10.0.2.15,2544,207.46.113.78,5443,tcp,1295981774,False,False
172.16.255.1,137,172.16.255.255,137,udp,1295981803,False,False
10.0.2.15,2531,207.46.125.253,7001,udp,1295981768,False,False
10.0.2.15,2532,207.46.125.253,7001,udp,1295981768,False,False
10.0.2.15,2532,207.46.125.254,7001,udp,1295981769,False,False
10.0.2.15,2535,207.46.125.253,7001,udp,1295981769,False,False
10.0.2.15,2538,207.46.125.254,7001,udp,1295981769,False,False
172.16.255.1,137,67.215.65.132,137,udp,1295981810,False,False
10.0.2.15,48575,10.0.2.2,1900,udp,1295981769,False,False
10.0.2.2,11,10.0.2.15,0,icmp,1295981769,False,False
10.0.2.15,59365,10.0.2.3,53,udp,1295981821,False,False
10.0.2.15,2552,70.37.129.32,5480,tcp,1295981806,False,False
10.0.2.15,2553,70.37.129.34,5480,tcp,1295981820,False,False
172.16.255.1,10688,213.146.189.205,443,tcp,1295981674,False,False
172.16.255.1,10714,204.9.163.158,80,tcp,1295981828,False,True
172.16.255.1,10622,147.31.122.1,443,tcp,1295981642,False,False
10.0.2.15,2554,70.37.129.34,5480,tcp,1295981821,False,False
10.0.2.15,2528,65.54.189.173,61863,tcp,1295981766,False,False
10.0.2.15,2550,64.4.35.57,61863,tcp,1295981786,False,False
192.168.3.131,60629,192.168.3.1,53,udp,1295981838,False,False
192.168.3.131,58673,192.168.3.1,53,udp,1295981838,False,False
192.168.3.131,57229,204.14.234.85,80,tcp,1295981839,False,False
192.168.3.131,57250,66.235.136.89,443,tcp,1295981838,False,False
192.168.3.131,57231,204.14.234.101,443,tcp,1295981837,False,False
192.168.3.131,57249,204.14.234.85,8443,tcp,1295981835,False,False
192.168.3.131,57250,66.235.136.89,8443,tcp,1295981838,False,False
192.168.3.131,57249,204.14.234.85,443,tcp,1295981835,False,False
172.16.255.1,63805,172.16.0.1,5351,udp,1295981834,False,False
172.16.255.1,60061,239.255.255.250,1900,udp,1295981831,False,False
172.16.255.1,50983,208.88.186.244,13392,udp,1295981827,False,False
10.0.2.15,138,10.0.2.255,138,udp,1295981821,False,False
172.16.255.1,8,67.215.65.132,0,icmp,1295981805,False,False
192.168.3.131,57248,204.14.234.85,8443,tcp,1295981799,False,False
192.168.3.131,57247,204.14.234.85,8443,tcp,1295981799,False,False
192.168.3.131,57248,204.14.234.85,443,tcp,1295981799,False,False
192.168.3.131,57246,204.14.234.85,8443,tcp,1295981790,False,False
192.168.3.131,57245,204.14.234.85,8443,tcp,1295981790,False,False
192.168.3.131,57246,204.14.234.85,443,tcp,1295981790,False,False
192.168.3.131,57245,204.14.234.85,443,tcp,1295981790,False,False
172.16.255.1,50983,69.126.180.28,443,udp,1295981789,False,False
172.16.255.1,50983,188.17.181.29,443,udp,1295981789,False,False
172.16.255.1,50983,66.209.190.84,7457,udp,1295981789,False,False
172.16.255.1,50983,67.84.50.244,37499,udp,1295981789,False,False
172.16.255.1,50983,188.163.1.229,50709,udp,1295981789,False,False
172.16.255.1,50983,67.64.157.145,58164,udp,1295981789,False,False
174.36.30.111,5480,192.168.3.131,49206,tcp,1295981780,False,False
10.0.2.15,2547,96.17.8.49,5480,tcp,1295981776,False,False
10.0.2.15,2546,91.103.140.2,5480,tcp,1295981775,False,False
10.0.2.15,2540,207.46.105.186,5480,tcp,1295981770,False,False
10.0.2.15,2539,198.104.200.146,5480,tcp,1295981769,False,False
10.0.2.15,2536,65.55.15.244,5480,tcp,1295981769,False,False
192.168.3.131,57244,204.14.234.85,8443,tcp,1295981761,False,False
192.168.3.131,57244,204.14.234.85,443,tcp,1295981761,False,False
192.168.3.131,57243,204.14.234.85,8443,tcp,1295981760,False,False
192.168.3.131,57243,204.14.234.85,443,tcp,1295981760,False,False
192.168.3.131,17500,255.255.255.255,17500,udp,1295981750,False,False
192.168.3.131,17500,192.168.3.255,17500,udp,1295981750,False,True
192.168.3.131,57231,204.14.234.101,8443,tcp,1295981838,False,False
192.168.3.131,52400,192.168.3.99,161,udp,1295981744,False,False
192.168.3.131,49166,192.168.3.90,445,tcp,1295981743,False,False
192.168.3.131,56511,65.54.95.68,80,tcp,1295981737,False,False
192.168.3.131,56510,65.54.95.68,80,tcp,1295981736,False,False
192.168.3.131,56509,65.54.95.75,80,tcp,1295981736,False,False
192.168.3.131,56048,66.220.149.32,80,tcp,1295981735,False,False
192.168.3.131,56505,65.54.95.66,80,tcp,1295981735,False,False
172.16.255.1,63802,239.255.255.250,1900,udp,1295981834,False,False
192.168.3.131,58769,72.14.213.138,80,tcp,1295981775,False,False
192.168.3.131,56503,65.54.95.140,80,tcp,1295981735,False,False
192.168.3.131,57247,204.14.234.85,443,tcp,1295981799,False,False
192.168.3.131,56502,65.54.95.140,80,tcp,1295981735,False,False
192.168.3.131,56501,65.54.95.140,80,tcp,1295981735,False,False
192.168.3.131,56499,76.74.140.168,80,tcp,1295981735,False,False
192.168.3.131,56497,65.54.95.140,80,tcp,1295981735,False,False
192.168.3.131,49206,174.36.30.111,80,tcp,1295981780,False,False
192.168.3.131,56430,65.54.95.68,80,tcp,1295981710,False,False
192.168.3.131,56424,72.14.213.148,80,tcp,1295981709,False,False
192.168.3.131,55968,72.14.213.101,80,tcp,1295981709,False,False
192.168.3.131,56421,72.14.213.149,80,tcp,1295981709,False,False
192.168.3.131,56411,65.55.206.199,80,tcp,1295981708,False,False
192.168.3.131,56500,65.54.95.140,80,tcp,1295981735,False,False
192.168.3.131,56320,207.46.0.109,80,tcp,1295981674,False,False
192.168.3.131,55959,65.55.5.231,80,tcp,1295981543,False,False
192.168.3.131,58770,72.14.213.138,80,tcp,1295981775,False,False
192.168.3.131,55961,184.24.133.32,80,tcp,1295981543,False,False
192.168.3.131,55962,65.55.5.232,80,tcp,1295981543,False,False
10.0.2.15,2548,65.54.167.27,5480,tcp,1295981778,False,False
192.168.3.131,55971,65.55.17.37,80,tcp,1295981545,False,False
192.168.3.131,58831,204.9.163.166,80,tcp,1295981801,False,False
192.168.3.131,57233,204.14.234.101,443,tcp,1295981760,False,False
192.168.3.131,49673,72.14.213.18,443,tcp,1295981550,False,False
192.168.3.131,55972,207.46.216.54,80,tcp,1295981545,False,False
10.0.2.15,2537,65.55.15.244,5480,tcp,1295981769,False,False
192.168.3.131,55953,65.55.206.209,80,tcp,1295981543,False,False
192.168.3.131,56022,65.55.206.199,80,tcp,1295981569,False,False
192.168.3.131,56034,65.55.206.199,80,tcp,1295981569,False,False
192.168.3.131,55960,206.108.207.139,80,tcp,1295981569,False,False
172.16.255.1,50983,188.22.186.229,14487,udp,1295981789,False,False
192.168.3.131,56049,206.108.207.163,80,tcp,1295981570,False,False
192.168.3.131,56058,206.108.207.138,80,tcp,1295981571,False,False
192.168.3.131,58362,208.82.238.129,80,tcp,1295981588,False,False
192.168.3.131,56168,206.108.207.155,80,tcp,1295981608,False,False
192.168.3.131,55958,65.55.239.163,80,tcp,1295981543,False,False
192.168.3.131,56023,184.24.143.139,80,tcp,1295981569,False,False
192.168.3.131,57233,204.14.234.101,8443,tcp,1295981760,False,False
192.168.3.131,56054,206.108.207.145,80,tcp,1295981571,False,False
192.168.3.131,56324,65.55.118.107,80,tcp,1295981675,False,False
10.0.2.15,1095,192.168.3.90,139,tcp,1295981649,False,False
192.168.3.131,55957,65.55.5.232,80,tcp,1295981543,False,False
192.168.3.131,52497,72.14.213.120,443,tcp,1295981701,False,False
192.168.3.131,57839,72.14.213.147,80,tcp,1295981545,False,False
192.168.3.131,56494,66.235.139.121,80,tcp,1295981735,False,True
192.168.3.131,56061,195.27.155.11,80,tcp,1295981571,False,False
192.168.3.131,52402,72.14.213.132,443,tcp,1295981653,False,False
192.168.3.131,57229,204.14.234.85,5480,tcp,1295981839,False,False
192.168.3.131,52152,72.14.213.147,443,tcp,1295981542,False,False
192.168.3.131,52399,72.14.213.132,443,tcp,1295981653,False,False
