src_ip,src_port,dest_ip,dest_port,proto,start_time,flow_alerted_gt,flow_alerted_zeek
192.168.3.131,19779,65.55.17.37,1025,tcp,0,True,False
192.168.3.131,29952,65.55.17.37,1026,tcp,0,True,False
192.168.3.131,24222,65.55.17.37,1050,tcp,0,True,False
192.168.3.131,18033,65.55.17.37,8080,tcp,0,True,False
192.168.3.131,1861,65.55.17.37,9000,tcp,0,True,False
192.168.3.131,17916,65.55.17.37,1058,tcp,0,True,False
192.168.3.131,56269,65.55.17.37,8081,tcp,0,True,False
192.168.3.131,16273,65.55.17.37,10000,tcp,0,True,False
192.168.3.131,34672,65.55.17.37,111,tcp,0,True,False
192.168.3.131,6297,65.55.17.37,80,tcp,0,True,False
192.168.3.131,36227,65.55.17.37,5120,tcp,0,True,False
192.168.3.131,51079,65.55.17.37,13,tcp,0,True,False
192.168.3.131,63428,65.55.17.37,9,tcp,0,True,False
192.168.3.131,43312,65.55.17.37,49155,tcp,0,True,False
192.168.3.131,57258,65.55.17.37,81,tcp,0,True,False
192.168.3.131,28175,65.55.17.37,1028,tcp,0,True,False
192.168.3.131,13097,65.55.17.37,49154,tcp,0,True,False
192.168.3.131,56976,65.55.17.37,3000,tcp,0,True,False
192.168.3.131,39924,65.55.17.37,7938,tcp,0,True,False
192.168.3.131,23307,65.55.17.37,9102,tcp,1,True,False
192.168.3.131,2358,65.55.17.37,3689,tcp,1,True,False
192.168.3.131,53653,65.55.17.37,787,tcp,1,True,False
192.168.3.131,36921,65.55.17.37,7070,tcp,1,True,False
192.168.3.131,106,65.55.17.37,1069,tcp,1,True,False
192.168.3.131,54309,65.55.17.37,119,tcp,1,True,False
192.168.3.131,45558,65.55.17.37,1054,tcp,1,True,False
192.168.3.131,46529,65.55.17.37,4899,tcp,1,True,False
192.168.3.131,25082,65.55.17.37,1755,tcp,1,True,False
192.168.3.131,29467,65.55.17.37,1040,tcp,1,True,False
192.168.3.131,23749,65.55.17.37,2003,tcp,1,True,False
192.168.3.131,20868,65.55.17.37,2161,tcp,1,True,False
192.168.3.131,53893,65.55.17.37,5001,tcp,1,True,False
192.168.3.131,45496,65.55.17.37,17,tcp,1,True,False
192.168.3.131,12320,65.55.17.37,1049,tcp,1,True,False
192.168.3.131,65058,65.55.17.37,1000,tcp,1,True,False
192.168.3.131,5836,65.55.17.37,1720,tcp,1,True,False
192.168.3.131,32781,65.55.17.37,144,tcp,1,True,False
192.168.3.131,21384,65.55.17.37,32771,tcp,1,True,False
192.168.3.131,46398,65.55.17.37,50000,tcp,1,True,False
192.168.3.131,21799,65.55.17.37,544,tcp,2,True,False
192.168.3.131,18915,65.55.17.37,311,tcp,2,True,False
192.168.3.131,28195,65.55.17.37,32768,tcp,2,True,False
192.168.3.131,44495,65.55.17.37,22,tcp,2,True,False
192.168.3.131,30035,65.55.17.37,2869,tcp,2,True,False
192.168.3.131,57534,65.55.17.37,9999,tcp,2,True,False
192.168.3.131,55561,65.55.17.37,631,tcp,2,True,False
192.168.3.131,17167,65.55.17.37,389,tcp,2,True,False
192.168.3.131,49147,65.55.17.37,497,tcp,2,True,False
192.168.3.131,55023,65.55.17.37,2121,tcp,2,True,False
192.168.3.131,9991,65.55.17.37,6004,tcp,2,True,False
192.168.3.131,41815,65.55.17.37,8031,tcp,2,True,False
192.168.3.131,62307,65.55.17.37,1074,tcp,2,True,False
192.168.3.131,49073,65.55.17.37,8888,tcp,2,True,False
192.168.3.131,45650,65.55.17.37,993,tcp,2,True,False
192.168.3.131,268,65.55.17.37,1024,tcp,2,True,False
192.168.3.131,65119,65.55.17.37,5050,tcp,2,True,False
192.168.3.131,19384,65.55.17.37,26,tcp,2,True,False
192.168.3.131,63072,65.55.17.37,2005,tcp,2,True,False
192.168.3.131,64982,65.55.17.37,10010,tcp,2,True,False
192.168.3.131,7292,65.55.17.37,2967,tcp,3,True,False
192.168.3.131,38417,65.55.17.37,1044,tcp,3,True,False
192.168.3.131,59760,65.55.17.37,445,tcp,3,True,False
192.168.3.131,3238,65.55.17.37,5901,tcp,3,True,False
192.168.3.131,44562,65.55.17.37,3128,tcp,3,True,False
192.168.3.131,25933,65.55.17.37,3690,tcp,3,True,False
192.168.3.131,34442,65.55.17.37,135,tcp,3,True,False
192.168.3.131,16372,65.55.17.37,49152,tcp,3,True,False
192.168.3.131,8685,65.55.17.37,6002,tcp,3,True,False
192.168.3.131,45402,65.55.17.37,7000,tcp,3,True,False
192.168.3.131,20646,65.55.17.37,255,tcp,3,True,False
192.168.3.131,56498,65.55.17.37,902,tcp,3,True,False
192.168.3.131,34243,65.55.17.37,443,tcp,3,True,False
192.168.3.131,63584,65.55.17.37,1064,tcp,3,True,False
192.168.3.131,64417,65.55.17.37,88,tcp,3,True,False
192.168.3.131,25178,65.55.17.37,2601,tcp,3,True,False
192.168.3.131,19090,65.55.17.37,5666,tcp,3,True,False
192.168.3.131,12218,65.55.17.37,143,tcp,3,True,False
192.168.3.131,37412,65.55.17.37,548,tcp,3,True,False
192.168.3.131,8631,65.55.17.37,636,tcp,4,True,False
192.168.3.131,29157,65.55.17.37,3,tcp,4,True,False
192.168.3.131,44717,65.55.17.37,5000,tcp,4,True,False
192.168.3.131,62536,65.55.17.37,9090,tcp,4,True,False
192.168.3.131,16144,65.55.17.37,6646,tcp,4,True,False
192.168.3.131,16623,65.55.17.37,2301,tcp,4,True,False
192.168.3.131,30885,65.55.17.37,8443,tcp,4,True,False
192.168.3.131,64510,65.55.17.37,3389,tcp,4,True,False
192.168.3.131,24664,65.55.17.37,5357,tcp,4,True,False
192.168.3.131,34787,65.55.17.37,10001,tcp,4,True,False
192.168.3.131,25643,65.55.17.37,1234,tcp,4,True,False
192.168.3.131,189,65.55.17.37,5060,tcp,4,True,False
192.168.3.131,9542,65.55.17.37,1036,tcp,4,True,False
192.168.3.131,565,65.55.17.37,2002,tcp,4,True,False
192.168.3.131,56071,65.55.17.37,254,tcp,4,True,False
192.168.3.131,4693,65.55.17.37,49156,tcp,4,True,False
192.168.3.131,5883,65.55.17.37,9001,tcp,4,True,False
192.168.3.131,39410,65.55.17.37,515,tcp,4,True,False
192.168.3.131,54009,65.55.17.37,513,tcp,4,True,False
192.168.3.131,3012,65.55.17.37,1900,tcp,5,True,False
192.168.3.131,23313,65.55.17.37,5800,tcp,5,True,False
192.168.3.131,34603,65.55.17.37,8193,tcp,5,True,False
192.168.3.131,26725,65.55.17.37,163,tcp,5,True,False
192.168.3.131,16848,65.55.17.37,1047,tcp,5,True,False
192.168.3.131,48215,65.55.17.37,6,tcp,5,True,False
192.168.3.131,37758,65.55.17.37,85,tcp,5,True,False
192.168.3.131,52393,65.55.17.37,83,tcp,5,True,False
192.168.3.131,34435,65.55.17.37,6059,tcp,5,True,False
192.168.3.131,50786,65.55.17.37,64680,tcp,5,True,False
192.168.3.131,57571,65.55.17.37,65389,tcp,5,True,False
192.168.3.131,13335,65.55.17.37,1052,tcp,5,True,False
192.168.3.131,55731,65.55.17.37,2006,tcp,5,True,False
192.168.3.131,27535,65.55.17.37,1088,tcp,5,True,False
192.168.3.131,63113,65.55.17.37,32773,tcp,5,True,False
192.168.3.131,65135,65.55.17.37,42510,tcp,5,True,False
192.168.3.131,50208,65.55.17.37,8085,tcp,5,True,False
192.168.3.131,59091,65.55.17.37,14238,tcp,5,True,False
192.168.3.131,64064,65.55.17.37,512,tcp,5,True,False
192.168.3.131,10581,65.55.17.37,1085,tcp,6,True,False
192.168.3.131,61992,65.55.17.37,3052,tcp,6,True,False
192.168.3.131,41242,65.55.17.37,5500,tcp,6,True,False
192.168.3.131,6003,65.55.17.37,1111,tcp,6,True,False
192.168.3.131,51101,65.55.17.37,1072,tcp,6,True,False
192.168.3.131,35696,65.55.17.37,55600,tcp,6,True,False
192.168.3.131,63768,65.55.17.37,32772,tcp,6,True,False
192.168.3.131,35220,65.55.17.37,52822,tcp,6,True,False
192.168.3.131,59672,65.55.17.37,52869,tcp,6,True,False
192.168.3.131,46471,65.55.17.37,9593,tcp,6,True,False
192.168.3.131,26901,65.55.17.37,13782,tcp,6,True,False
192.168.3.131,62228,65.55.17.37,5100,tcp,6,True,False
192.168.3.131,2628,65.55.17.37,7019,tcp,6,True,False
192.168.3.131,61245,65.55.17.37,5004,tcp,6,True,False
192.168.3.131,18333,65.55.17.37,3283,tcp,6,True,False
192.168.3.131,7798,65.55.17.37,1864,tcp,6,True,False
192.168.3.131,11692,65.55.17.37,5102,tcp,6,True,False
192.168.3.131,24771,65.55.17.37,3333,tcp,6,True,False
192.168.3.131,65492,65.55.17.37,51103,tcp,6,True,False
192.168.3.131,30654,65.55.17.37,264,tcp,6,True,False
192.168.3.131,22650,65.55.17.37,2009,tcp,7,True,False
192.168.3.131,15325,65.55.17.37,6543,tcp,7,True,False
192.168.3.131,36683,65.55.17.37,161,tcp,7,True,False
192.168.3.131,3786,65.55.17.37,8291,tcp,7,True,False
192.168.3.131,10522,65.55.17.37,1503,tcp,7,True,False
192.168.3.131,41000,65.55.17.37,1218,tcp,7,True,False
192.168.3.131,43839,65.55.17.37,42,tcp,7,True,False
192.168.3.131,34661,65.55.17.37,1078,tcp,7,True,False
192.168.3.131,17956,65.55.17.37,8082,tcp,7,True,False
192.168.3.131,2630,65.55.17.37,2222,tcp,7,True,False
192.168.3.131,13393,65.55.17.37,8651,tcp,7,True,False
192.168.3.131,34343,65.55.17.37,500,tcp,7,True,False
192.168.3.131,15654,65.55.17.37,4002,tcp,7,True,False
192.168.3.131,5225,65.55.17.37,33354,tcp,7,True,False
192.168.3.131,2482,65.55.17.37,992,tcp,7,True,False
192.168.3.131,21058,65.55.17.37,15000,tcp,7,True,False
192.168.3.131,22035,65.55.17.37,2004,tcp,7,True,False
192.168.3.131,14328,65.55.17.37,1666,tcp,7,True,False
192.168.3.131,58565,65.55.17.37,9101,tcp,7,True,False
192.168.3.131,45508,65.55.17.37,222,tcp,7,True,False
192.168.3.131,49322,65.55.17.37,4,tcp,8,True,False
192.168.3.131,9659,65.55.17.37,1700,tcp,8,True,False
192.168.3.131,36421,65.55.17.37,800,tcp,8,True,False
192.168.3.131,51765,65.55.17.37,5225,tcp,8,True,False
192.168.3.131,10089,65.55.17.37,1060,tcp,8,True,False
192.168.3.131,6309,65.55.17.37,8001,tcp,8,True,False
192.168.3.131,59222,65.55.17.37,9071,tcp,8,True,False
192.168.3.131,59028,65.55.17.37,1311,tcp,8,True,False
192.168.3.131,53535,65.55.17.37,45100,tcp,8,True,False
192.168.3.131,2376,65.55.17.37,306,tcp,8,True,False
192.168.3.131,51795,65.55.17.37,5902,tcp,8,True,False
192.168.3.131,29772,65.55.17.37,32775,tcp,8,True,False
192.168.3.131,41532,65.55.17.37,27000,tcp,8,True,False
192.168.3.131,19184,65.55.17.37,16993,tcp,8,True,False
192.168.3.131,40115,65.55.17.37,1063,tcp,8,True,False
192.168.3.131,58032,65.55.17.37,32770,tcp,8,True,False
192.168.3.131,15362,65.55.17.37,2030,tcp,8,True,False
192.168.3.131,732,65.55.17.37,90,tcp,8,True,False
192.168.3.131,44123,65.55.17.37,1075,tcp,8,True,False
192.168.3.131,22115,65.55.17.37,1045,tcp,9,True,False
192.168.3.131,64266,65.55.17.37,8088,tcp,9,True,False
192.168.3.131,59373,65.55.17.37,1057,tcp,9,True,False
192.168.3.131,51826,65.55.17.37,1500,tcp,9,True,False
192.168.3.131,55058,65.55.17.37,23502,tcp,9,True,False
192.168.3.131,49594,65.55.17.37,2500,tcp,9,True,False
192.168.3.131,33232,65.55.17.37,146,tcp,9,True,False
192.168.3.131,63584,65.55.17.37,563,tcp,9,True,False
192.168.3.131,38477,65.55.17.37,8701,tcp,9,True,False
192.168.3.131,9372,65.55.17.37,4662,tcp,9,True,False
192.168.3.131,3770,65.55.17.37,912,tcp,9,True,False
192.168.3.131,4351,65.55.17.37,9595,tcp,9,True,False
192.168.3.131,60382,65.55.17.37,711,tcp,9,True,False
192.168.3.131,33538,65.55.17.37,1081,tcp,9,True,False
192.168.3.131,6351,65.55.17.37,6969,tcp,9,True,False
192.168.3.131,37199,65.55.17.37,1352,tcp,9,True,False
192.168.3.131,7474,65.55.17.37,7200,tcp,9,True,False
192.168.3.131,28070,65.55.17.37,8084,tcp,9,True,False
192.168.3.131,4020,65.55.17.37,1083,tcp,9,True,False
192.168.3.131,31340,65.55.17.37,6101,tcp,9,True,False
192.168.3.131,2197,65.55.17.37,888,tcp,10,True,False
192.168.3.131,45229,65.55.17.37,8089,tcp,10,True,False
192.168.3.131,20792,65.55.17.37,2525,tcp,10,True,False
192.168.3.131,24915,65.55.17.37,3005,tcp,10,True,False
192.168.3.131,62129,65.55.17.37,3801,tcp,10,True,False
192.168.3.131,16064,65.55.17.37,3300,tcp,10,True,False
192.168.3.131,33319,65.55.17.37,749,tcp,10,True,False
192.168.3.131,8952,65.55.17.37,30000,tcp,10,True,False
192.168.3.131,42802,65.55.17.37,1108,tcp,10,True,False
192.168.3.131,35293,65.55.17.37,5960,tcp,10,True,False
192.168.3.131,20536,65.55.17.37,5414,tcp,10,True,False
192.168.3.131,20155,65.55.17.37,1094,tcp,10,True,False
192.168.3.131,46899,65.55.17.37,7625,tcp,10,True,False
192.168.3.131,7646,65.55.17.37,50003,tcp,10,True,False
192.168.3.131,3724,65.55.17.37,15002,tcp,10,True,False
192.168.3.131,60192,65.55.17.37,9900,tcp,10,True,False
192.168.3.131,15632,65.55.17.37,5405,tcp,10,True,False
192.168.3.131,25782,65.55.17.37,10002,tcp,10,True,False
192.168.3.131,7234,65.55.17.37,63331,tcp,10,True,False
192.168.3.131,39446,65.55.17.37,1106,tcp,10,True,False
192.168.3.131,15965,65.55.17.37,24800,tcp,11,True,False
192.168.3.131,5601,65.55.17.37,2811,tcp,11,True,False
192.168.3.131,15863,65.55.17.37,5988,tcp,11,True,False
192.168.3.131,13196,65.55.17.37,10626,tcp,11,True,False
192.168.3.131,43989,65.55.17.37,8994,tcp,11,True,False
192.168.3.131,43242,65.55.17.37,31038,tcp,11,True,False
192.168.3.131,21648,65.55.17.37,32776,tcp,11,True,False
192.168.3.131,33235,65.55.17.37,3766,tcp,11,True,False
192.168.3.131,42255,65.55.17.37,5925,tcp,11,True,False
192.168.3.131,16537,65.55.17.37,10617,tcp,11,True,False
192.168.3.131,59816,65.55.17.37,32782,tcp,11,True,False
192.168.3.131,990,65.55.17.37,8333,tcp,11,True,False
192.168.3.131,38320,65.55.17.37,1718,tcp,11,True,False
192.168.3.131,47768,65.55.17.37,19801,tcp,11,True,False
192.168.3.131,9036,65.55.17.37,3071,tcp,11,True,False
192.168.3.131,53533,65.55.17.37,99,tcp,11,True,False
192.168.3.131,47610,65.55.17.37,21571,tcp,11,True,False
192.168.3.131,36790,65.55.17.37,6901,tcp,11,True,False
192.168.3.131,45630,65.55.17.37,4449,tcp,11,True,False
192.168.3.131,61959,65.55.17.37,2160,tcp,12,True,False
192.168.3.131,23266,65.55.17.37,5222,tcp,12,True,False
192.168.3.131,993,65.55.17.37,212,tcp,12,True,False
192.168.3.131,49857,65.55.17.37,27715,tcp,12,True,False
192.168.3.131,24975,65.55.17.37,10566,tcp,12,True,False
192.168.3.131,39036,65.55.17.37,9290,tcp,12,True,False
192.168.3.131,45026,65.55.17.37,1100,tcp,12,True,False
192.168.3.131,64560,65.55.17.37,16016,tcp,12,True,False
192.168.3.131,31659,65.55.17.37,17988,tcp,12,True,False
192.168.3.131,30779,65.55.17.37,8086,tcp,12,True,False
192.168.3.131,24162,65.55.17.37,1098,tcp,12,True,False
192.168.3.131,5091,65.55.17.37,34573,tcp,12,True,False
192.168.3.131,65412,65.55.17.37,20221,tcp,12,True,False
192.168.3.131,54390,65.55.17.37,6156,tcp,12,True,False
192.168.3.131,9758,65.55.17.37,43,tcp,12,True,False
192.168.3.131,59877,65.55.17.37,49159,tcp,12,True,False
192.168.3.131,386,65.55.17.37,58080,tcp,12,True,False
192.168.3.131,31409,65.55.17.37,3323,tcp,12,True,False
192.168.3.131,29802,65.55.17.37,2607,tcp,12,True,False
192.168.3.131,20475,65.55.17.37,6123,tcp,12,True,False
192.168.3.131,55818,65.55.17.37,3351,tcp,13,True,False
192.168.3.131,20779,65.55.17.37,8649,tcp,13,True,False
192.168.3.131,22635,65.55.17.37,9080,tcp,13,True,False
192.168.3.131,12993,65.55.17.37,6003,tcp,13,True,False
192.168.3.131,60659,65.55.17.37,5825,tcp,13,True,False
192.168.3.131,60990,65.55.17.37,7741,tcp,13,True,False
192.168.3.131,5441,65.55.17.37,9500,tcp,13,True,False
192.168.3.131,11484,65.55.17.37,13722,tcp,13,True,False
192.168.3.131,6587,65.55.17.37,20000,tcp,13,True,False
192.168.3.131,61651,65.55.17.37,50002,tcp,13,True,False
192.168.3.131,62290,65.55.17.37,10629,tcp,13,True,False
192.168.3.131,16426,65.55.17.37,3404,tcp,13,True,False
192.168.3.131,58588,65.55.17.37,89,tcp,13,True,False
192.168.3.131,2091,65.55.17.37,2100,tcp,13,True,False
192.168.3.131,10433,65.55.17.37,5718,tcp,13,True,False
192.168.3.131,50220,65.55.17.37,5910,tcp,13,True,False
192.168.3.131,2544,65.55.17.37,2135,tcp,13,True,False
192.168.3.131,45123,65.55.17.37,2260,tcp,13,True,False
192.168.3.131,23656,65.55.17.37,5962,tcp,13,True,False
192.168.3.131,56312,65.55.17.37,7778,tcp,13,True,False
192.168.3.131,43237,65.55.17.37,4126,tcp,14,True,False
192.168.3.131,11842,65.55.17.37,6502,tcp,14,True,False
192.168.3.131,22124,65.55.17.37,2399,tcp,14,True,False
192.168.3.131,30243,65.55.17.37,1089,tcp,14,True,False
192.168.3.131,54347,65.55.17.37,48080,tcp,14,True,False
192.168.3.131,18371,65.55.17.37,6580,tcp,14,True,False
192.168.3.131,45216,65.55.17.37,9010,tcp,14,True,False
192.168.3.131,63138,65.55.17.37,1310,tcp,14,True,False
192.168.3.131,43954,65.55.17.37,1840,tcp,14,True,False
192.168.3.131,28343,65.55.17.37,1999,tcp,14,True,False
192.168.3.131,27848,65.55.17.37,34571,tcp,14,True,False
192.168.3.131,25406,65.55.17.37,8402,tcp,14,True,False
192.168.3.131,51619,65.55.17.37,50800,tcp,14,True,False
192.168.3.131,47858,65.55.17.37,8181,tcp,14,True,False
192.168.3.131,39229,65.55.17.37,898,tcp,14,True,False
192.168.3.131,49120,65.55.17.37,1169,tcp,14,True,False
192.168.3.131,19648,65.55.17.37,9503,tcp,14,True,False
192.168.3.131,8597,65.55.17.37,14000,tcp,14,True,False
192.168.3.131,48550,65.55.17.37,11967,tcp,14,True,False
192.168.3.131,38236,65.55.17.37,10024,tcp,14,True,False
192.168.3.131,53334,65.55.17.37,3998,tcp,15,True,False
192.168.3.131,55868,65.55.17.37,3580,tcp,15,True,False
192.168.3.131,3658,65.55.17.37,3372,tcp,15,True,False
192.168.3.131,33817,65.55.17.37,3017,tcp,15,True,False
192.168.3.131,61646,65.55.17.37,15660,tcp,15,True,False
192.168.3.131,43925,65.55.17.37,1114,tcp,15,True,False
192.168.3.131,21423,65.55.17.37,9040,tcp,15,True,False
192.168.3.131,35988,65.55.17.37,5952,tcp,15,True,False
192.168.3.131,64666,65.55.17.37,1186,tcp,15,True,False
192.168.3.131,12973,65.55.17.37,1580,tcp,15,True,False
192.168.3.131,47335,65.55.17.37,5802,tcp,15,True,False
192.168.3.131,21344,65.55.17.37,5080,tcp,15,True,False
192.168.3.131,12024,65.55.17.37,27355,tcp,15,True,False
192.168.3.131,2732,65.55.17.37,3370,tcp,15,True,False
192.168.3.131,51651,65.55.17.37,61532,tcp,15,True,False
192.168.3.131,25777,65.55.17.37,8090,tcp,15,True,False
192.168.3.131,45237,65.55.17.37,1112,tcp,15,True,False
192.168.3.131,8327,65.55.17.37,1600,tcp,15,True,False
192.168.3.131,43082,65.55.17.37,3003,tcp,15,True,False
192.168.3.131,36765,65.55.17.37,1151,tcp,15,True,False
192.168.3.131,31607,65.55.17.37,9111,tcp,16,True,False
192.168.3.131,14569,65.55.17.37,2040,tcp,16,True,False
192.168.3.131,8188,65.55.17.37,3517,tcp,16,True,False
192.168.3.131,2963,65.55.17.37,2191,tcp,16,True,False
192.168.3.131,63924,65.55.17.37,5822,tcp,16,True,False
192.168.3.131,45766,65.55.17.37,2126,tcp,16,True,False
192.168.3.131,25472,65.55.17.37,666,tcp,16,True,False
192.168.3.131,24141,65.55.17.37,49163,tcp,16,True,False
192.168.3.131,47106,65.55.17.37,7435,tcp,16,True,False
192.168.3.131,62904,65.55.17.37,3493,tcp,16,True,False
192.168.3.131,35538,65.55.17.37,62078,tcp,16,True,False
192.168.3.131,45024,65.55.17.37,6565,tcp,16,True,False
192.168.3.131,10849,65.55.17.37,5730,tcp,16,True,False
192.168.3.131,8194,65.55.17.37,5862,tcp,16,True,False
192.168.3.131,31322,65.55.17.37,1443,tcp,16,True,False
192.168.3.131,28835,65.55.17.37,4848,tcp,16,True,False
192.168.3.131,62234,65.55.17.37,6792,tcp,16,True,False
192.168.3.131,47149,65.55.17.37,9943,tcp,16,True,False
192.168.3.131,27768,65.55.17.37,7103,tcp,16,True,False
192.168.3.131,63853,65.55.17.37,3814,tcp,16,True,False
192.168.3.131,2649,65.55.17.37,1271,tcp,17,True,False
192.168.3.131,36835,65.55.17.37,4550,tcp,17,True,False
192.168.3.131,55483,65.55.17.37,3221,tcp,17,True,False
192.168.3.131,61346,65.55.17.37,1090,tcp,17,True,False
192.168.3.131,53047,65.55.17.37,2394,tcp,17,True,False
192.168.3.131,63707,65.55.17.37,2111,tcp,17,True,False
192.168.3.131,2414,65.55.17.37,3851,tcp,17,True,False
192.168.3.131,47853,65.55.17.37,84,tcp,17,True,False
192.168.3.131,45401,65.55.17.37,9998,tcp,17,True,False
192.168.3.131,1305,65.55.17.37,2725,tcp,17,True,False
192.168.3.131,12064,65.55.17.37,5904,tcp,17,True,False
192.168.3.131,58910,65.55.17.37,55055,tcp,17,True,False
192.168.3.131,37768,65.55.17.37,2323,tcp,17,True,False
192.168.3.131,59845,65.55.17.37,1152,tcp,17,True,False
192.168.3.131,42430,65.55.17.37,3869,tcp,17,True,False
192.168.3.131,22238,65.55.17.37,3737,tcp,17,True,False
192.168.3.131,28204,65.55.17.37,3945,tcp,17,True,False
192.168.3.131,65251,65.55.17.37,3261,tcp,17,True,False
192.168.3.131,28190,65.55.17.37,1131,tcp,17,True,False
192.168.3.131,21483,65.55.17.37,1296,tcp,18,True,False
192.168.3.131,20265,65.55.17.37,6692,tcp,18,True,False
192.168.3.131,25651,65.55.17.37,3800,tcp,18,True,False
192.168.3.131,51985,65.55.17.37,4111,tcp,18,True,False
192.168.3.131,9307,65.55.17.37,50636,tcp,18,True,False
192.168.3.131,8799,65.55.17.37,1199,tcp,18,True,False
192.168.3.131,63281,65.55.17.37,5544,tcp,18,True,False
192.168.3.131,5242,65.55.17.37,5054,tcp,18,True,False
192.168.3.131,58741,65.55.17.37,6567,tcp,18,True,False
192.168.3.131,11353,65.55.17.37,5815,tcp,18,True,False
192.168.3.131,35273,65.55.17.37,5033,tcp,18,True,False
192.168.3.131,35510,65.55.17.37,27352,tcp,18,True,False
192.168.3.131,28662,65.55.17.37,9091,tcp,18,True,False
192.168.3.131,26954,65.55.17.37,10778,tcp,18,True,False
192.168.3.131,16347,65.55.17.37,49400,tcp,18,True,False
192.168.3.131,12889,65.55.17.37,19283,tcp,18,True,False
192.168.3.131,25236,65.55.17.37,5280,tcp,18,True,False
192.168.3.131,56968,65.55.17.37,5560,tcp,18,True,False
192.168.3.131,3530,65.55.17.37,7512,tcp,18,True,False
192.168.3.131,48364,65.55.17.37,16012,tcp,18,True,False
192.168.3.131,20969,65.55.17.37,6100,tcp,18,True,False
192.168.3.131,20270,65.55.17.37,2021,tcp,19,True,False
192.168.3.131,47450,65.55.17.37,3889,tcp,19,True,False
192.168.3.131,38933,65.55.17.37,6547,tcp,19,True,False
192.168.3.131,35501,65.55.17.37,32780,tcp,19,True,False
192.168.3.131,13037,65.55.17.37,1119,tcp,19,True,False
192.168.3.131,2410,65.55.17.37,2522,tcp,19,True,False
192.168.3.131,24471,65.55.17.37,5221,tcp,19,True,False
192.168.3.131,14572,65.55.17.37,5907,tcp,19,True,False
192.168.3.131,31518,65.55.17.37,3880,tcp,19,True,False
192.168.3.131,5283,65.55.17.37,3995,tcp,19,True,False
192.168.3.131,30105,65.55.17.37,49175,tcp,19,True,False
192.168.3.131,452,65.55.17.37,720,tcp,19,True,False
192.168.3.131,27382,65.55.17.37,5922,tcp,19,True,False
192.168.3.131,23692,65.55.17.37,19780,tcp,19,True,False
192.168.3.131,57512,65.55.17.37,8180,tcp,19,True,False
192.168.3.131,60170,65.55.17.37,3914,tcp,19,True,False
192.168.3.131,55561,65.55.17.37,9666,tcp,19,True,False
192.168.3.131,28929,65.55.17.37,4004,tcp,19,True,False
192.168.3.131,21681,65.55.17.37,3030,tcp,19,True,False
192.168.3.131,27990,65.55.17.37,32779,tcp,20,True,False
192.168.3.131,63070,65.55.17.37,555,tcp,20,True,False
192.168.3.131,52237,65.55.17.37,8500,tcp,20,True,False
192.168.3.131,51719,65.55.17.37,3324,tcp,20,True,False
192.168.3.131,1661,65.55.17.37,2034,tcp,20,True,False
192.168.3.131,42673,65.55.17.37,4279,tcp,20,True,False
192.168.3.131,44041,65.55.17.37,1417,tcp,20,True,False
192.168.3.131,9510,65.55.17.37,49176,tcp,20,True,False
192.168.3.131,33858,65.55.17.37,44176,tcp,20,True,False
192.168.3.131,6035,65.55.17.37,687,tcp,20,True,False
192.168.3.131,61748,65.55.17.37,56737,tcp,20,True,False
192.168.3.131,31105,65.55.17.37,1309,tcp,20,True,False
192.168.3.131,16230,65.55.17.37,25735,tcp,20,True,False
192.168.3.131,34371,65.55.17.37,9917,tcp,20,True,False
192.168.3.131,37520,65.55.17.37,1974,tcp,20,True,False
192.168.3.131,58873,65.55.17.37,1583,tcp,20,True,False
192.168.3.131,19049,65.55.17.37,1461,tcp,20,True,False
192.168.3.131,6846,65.55.17.37,6006,tcp,20,True,False
192.168.3.131,3443,65.55.17.37,1163,tcp,20,True,False
192.168.3.131,55512,65.55.17.37,765,tcp,20,True,False
192.168.3.131,39857,65.55.17.37,8042,tcp,21,True,False
192.168.3.131,6441,65.55.17.37,2800,tcp,21,True,False
192.168.3.131,15183,65.55.17.37,1984,tcp,21,True,False
192.168.3.131,31926,65.55.17.37,1123,tcp,21,True,False
192.168.3.131,17042,65.55.17.37,1328,tcp,21,True,False
192.168.3.131,61385,65.55.17.37,2041,tcp,21,True,False
192.168.3.131,50491,65.55.17.37,2046,tcp,21,True,False
192.168.3.131,18754,65.55.17.37,417,tcp,21,True,False
192.168.3.131,36767,65.55.17.37,2170,tcp,21,True,False
192.168.3.131,37604,65.55.17.37,8292,tcp,21,True,False
192.168.3.131,63375,65.55.17.37,2043,tcp,21,True,False
192.168.3.131,53623,65.55.17.37,3007,tcp,21,True,False
192.168.3.131,54999,65.55.17.37,5998,tcp,21,True,False
192.168.3.131,14611,65.55.17.37,40911,tcp,21,True,False
192.168.3.131,33102,65.55.17.37,31337,tcp,21,True,False
192.168.3.131,41159,65.55.17.37,9099,tcp,21,True,False
192.168.3.131,18453,65.55.17.37,7025,tcp,21,True,False
192.168.3.131,63055,65.55.17.37,10082,tcp,21,True,False
192.168.3.131,63188,65.55.17.37,12174,tcp,21,True,False
192.168.3.131,25820,65.55.17.37,1455,tcp,21,True,False
192.168.3.131,27812,65.55.17.37,1233,tcp,22,True,False
192.168.3.131,20618,65.55.17.37,2920,tcp,22,True,False
192.168.3.131,32691,65.55.17.37,7920,tcp,22,True,False
192.168.3.131,62447,65.55.17.37,9103,tcp,22,True,False
192.168.3.131,48407,65.55.17.37,50500,tcp,22,True,False
192.168.3.131,48945,65.55.17.37,714,tcp,22,True,False
192.168.3.131,32902,65.55.17.37,1137,tcp,22,True,False
192.168.3.131,13609,65.55.17.37,1875,tcp,22,True,False
192.168.3.131,8869,65.55.17.37,16000,tcp,22,True,False
192.168.3.131,56583,65.55.17.37,27356,tcp,22,True,False
192.168.3.131,587,65.55.17.37,1113,tcp,22,True,False
192.168.3.131,58819,65.55.17.37,8383,tcp,22,True,False
192.168.3.131,40737,65.55.17.37,7676,tcp,22,True,False
192.168.3.131,7314,65.55.17.37,1300,tcp,22,True,False
192.168.3.131,62817,65.55.17.37,18101,tcp,22,True,False
192.168.3.131,25105,65.55.17.37,9878,tcp,22,True,False
192.168.3.131,35792,65.55.17.37,49161,tcp,22,True,False
192.168.3.131,52080,65.55.17.37,1102,tcp,22,True,False
192.168.3.131,36093,65.55.17.37,14441,tcp,22,True,False
192.168.3.131,45572,65.55.17.37,1641,tcp,22,True,False
192.168.3.131,61073,65.55.17.37,6009,tcp,23,True,False
192.168.3.131,54274,65.55.17.37,2366,tcp,23,True,False
192.168.3.131,23041,65.55.17.37,4224,tcp,23,True,False
192.168.3.131,24623,65.55.17.37,8200,tcp,23,True,False
192.168.3.131,43185,65.55.17.37,1165,tcp,23,True,False
192.168.3.131,9669,65.55.17.37,9003,tcp,23,True,False
192.168.3.131,23784,65.55.17.37,524,tcp,23,True,False
192.168.3.131,59481,65.55.17.37,1145,tcp,23,True,False
192.168.3.131,38639,65.55.17.37,903,tcp,23,True,False
192.168.3.131,38823,65.55.17.37,44443,tcp,23,True,False
192.168.3.131,53142,65.55.17.37,777,tcp,23,True,False
192.168.3.131,8660,65.55.17.37,10009,tcp,23,True,False
192.168.3.131,26794,65.55.17.37,1277,tcp,23,True,False
192.168.3.131,37003,65.55.17.37,9418,tcp,23,True,False
192.168.3.131,51141,65.55.17.37,2200,tcp,23,True,False
192.168.3.131,11172,65.55.17.37,2042,tcp,23,True,False
192.168.3.131,15036,65.55.17.37,2557,tcp,23,True,False
192.168.3.131,27148,65.55.17.37,1198,tcp,23,True,False
192.168.3.131,18166,65.55.17.37,6346,tcp,23,True,False
192.168.3.131,18957,65.55.17.37,8093,tcp,23,True,False
192.168.3.131,53362,65.55.17.37,10215,tcp,24,True,False
192.168.3.131,64971,65.55.17.37,1971,tcp,24,True,False
192.168.3.131,34339,65.55.17.37,1216,tcp,24,True,False
192.168.3.131,40061,65.55.17.37,2068,tcp,24,True,False
192.168.3.131,61143,65.55.17.37,416,tcp,24,True,False
192.168.3.131,12487,65.55.17.37,1187,tcp,24,True,False
192.168.3.131,37050,65.55.17.37,911,tcp,24,True,False
192.168.3.131,38760,65.55.17.37,1721,tcp,24,True,False
192.168.3.131,42811,65.55.17.37,1688,tcp,24,True,False
192.168.3.131,29060,65.55.17.37,1092,tcp,24,True,False
192.168.3.131,5967,65.55.17.37,32783,tcp,24,True,False
192.168.3.131,59748,65.55.17.37,1812,tcp,24,True,False
192.168.3.131,57471,65.55.17.37,783,tcp,24,True,False
192.168.3.131,15723,65.55.17.37,60443,tcp,24,True,False
192.168.3.131,35344,65.55.17.37,1149,tcp,24,True,False
192.168.3.131,22797,65.55.17.37,1009,tcp,24,True,False
192.168.3.131,56756,65.55.17.37,54328,tcp,24,True,False
192.168.3.131,46141,65.55.17.37,1174,tcp,24,True,False
192.168.3.131,28642,65.55.17.37,6668,tcp,24,True,False
192.168.3.131,13313,65.55.17.37,52848,tcp,24,True,False
192.168.3.131,61951,65.55.17.37,256,tcp,25,True,False
192.168.3.131,61131,65.55.17.37,1244,tcp,25,True,False
192.168.3.131,8402,65.55.17.37,7999,tcp,25,True,False
192.168.3.131,14958,65.55.17.37,1130,tcp,25,True,False
192.168.3.131,20088,65.55.17.37,481,tcp,25,True,False
192.168.3.131,35387,65.55.17.37,17877,tcp,25,True,False
192.168.3.131,58198,65.55.17.37,4658,tcp,25,True,False
192.168.3.131,44752,65.55.17.37,3944,tcp,25,True,False
192.168.3.131,30090,65.55.17.37,12021,tcp,25,True,False
192.168.3.131,12764,65.55.17.37,3859,tcp,25,True,False
192.168.3.131,27290,65.55.17.37,5914,tcp,25,True,False
192.168.3.131,23997,65.55.17.37,3697,tcp,25,True,False
192.168.3.131,36768,65.55.17.37,8686,tcp,25,True,False
192.168.3.131,61271,65.55.17.37,3993,tcp,25,True,False
192.168.3.131,50969,65.55.17.37,5905,tcp,25,True,False
192.168.3.131,57616,65.55.17.37,8095,tcp,25,True,False
192.168.3.131,9179,65.55.17.37,3050,tcp,25,True,False
192.168.3.131,36462,65.55.17.37,5339,tcp,25,True,False
192.168.3.131,1962,65.55.17.37,12215,tcp,25,True,False
192.168.3.131,14614,65.55.17.37,10011,tcp,26,True,False
192.168.3.131,54090,65.55.17.37,17595,tcp,26,True,False
192.168.3.131,11106,65.55.17.37,15402,tcp,26,True,False
192.168.3.131,33113,65.55.17.37,32822,tcp,26,True,False
192.168.3.131,15157,65.55.17.37,29831,tcp,26,True,False
192.168.3.131,40184,65.55.17.37,8385,tcp,26,True,False
192.168.3.131,51953,65.55.17.37,4009,tcp,26,True,False
192.168.3.131,4097,65.55.17.37,4252,tcp,26,True,False
192.168.3.131,35248,65.55.17.37,13724,tcp,26,True,False
192.168.3.131,22816,65.55.17.37,3852,tcp,26,True,False
192.168.3.131,25010,65.55.17.37,3870,tcp,26,True,False
192.168.3.131,59671,65.55.17.37,8015,tcp,26,True,False
192.168.3.131,11322,65.55.17.37,3888,tcp,26,True,False
192.168.3.131,1396,65.55.17.37,5081,tcp,26,True,False
192.168.3.131,11154,65.55.17.37,7749,tcp,26,True,False
192.168.3.131,54651,65.55.17.37,4080,tcp,26,True,False
192.168.3.131,29541,65.55.17.37,3400,tcp,26,True,False
192.168.3.131,20194,65.55.17.37,8675,tcp,26,True,False
192.168.3.131,35085,65.55.17.37,7024,tcp,26,True,False
192.168.3.131,37715,65.55.17.37,3307,tcp,26,True,False
192.168.3.131,10293,65.55.17.37,10873,tcp,26,True,False
192.168.3.131,33544,65.55.17.37,5242,tcp,27,True,False
192.168.3.131,31734,65.55.17.37,6500,tcp,27,True,False
192.168.3.131,33211,65.55.17.37,3514,tcp,27,True,False
192.168.3.131,60800,65.55.17.37,9673,tcp,27,True,False
192.168.3.131,60434,65.55.17.37,7272,tcp,27,True,False
192.168.3.131,60205,65.55.17.37,16800,tcp,27,True,False
192.168.3.131,18335,65.55.17.37,9914,tcp,27,True,False
192.168.3.131,37270,65.55.17.37,8098,tcp,27,True,False
192.168.3.131,8440,65.55.17.37,6051,tcp,27,True,False
192.168.3.131,26733,65.55.17.37,6068,tcp,27,True,False
192.168.3.131,2026,65.55.17.37,7051,tcp,27,True,False
192.168.3.131,17109,65.55.17.37,5938,tcp,27,True,False
192.168.3.131,16916,65.55.17.37,3731,tcp,27,True,False
192.168.3.131,42355,65.55.17.37,30704,tcp,27,True,False
192.168.3.131,50641,65.55.17.37,4555,tcp,27,True,False
192.168.3.131,15859,65.55.17.37,28211,tcp,27,True,False
192.168.3.131,13461,65.55.17.37,20002,tcp,27,True,False
192.168.3.131,64768,65.55.17.37,5823,tcp,27,True,False
192.168.3.131,40069,65.55.17.37,8019,tcp,27,True,False
192.168.3.131,2310,65.55.17.37,9621,tcp,27,True,False
192.168.3.131,43123,65.55.17.37,6247,tcp,28,True,False
192.168.3.131,50159,65.55.17.37,8293,tcp,28,True,False
192.168.3.131,34351,65.55.17.37,18264,tcp,28,True,False
192.168.3.131,12587,65.55.17.37,7123,tcp,28,True,False
192.168.3.131,20260,65.55.17.37,3963,tcp,28,True,False
192.168.3.131,37733,65.55.17.37,4164,tcp,28,True,False
192.168.3.131,3517,65.55.17.37,22222,tcp,28,True,False
192.168.3.131,51513,65.55.17.37,8540,tcp,28,True,False
192.168.3.131,47016,65.55.17.37,3981,tcp,28,True,False
192.168.3.131,50076,65.55.17.37,8889,tcp,28,True,False
192.168.3.131,36705,65.55.17.37,5212,tcp,28,True,False
192.168.3.131,35738,65.55.17.37,5501,tcp,28,True,False
192.168.3.131,5858,65.55.17.37,7725,tcp,28,True,False
192.168.3.131,2737,65.55.17.37,7913,tcp,28,True,False
192.168.3.131,39663,65.55.17.37,32803,tcp,28,True,False
192.168.3.131,23532,65.55.17.37,10023,tcp,28,True,False
192.168.3.131,45786,65.55.17.37,8996,tcp,28,True,False
192.168.3.131,51809,65.55.17.37,6732,tcp,28,True,False
192.168.3.131,20750,65.55.17.37,9988,tcp,28,True,False
192.168.3.131,10309,65.55.17.37,10058,tcp,29,True,False
192.168.3.131,6766,65.55.17.37,12380,tcp,29,True,False
192.168.3.131,34535,65.55.17.37,3808,tcp,29,True,False
192.168.3.131,47182,65.55.17.37,32791,tcp,29,True,False
192.168.3.131,660,65.55.17.37,3916,tcp,29,True,False
192.168.3.131,20211,65.55.17.37,6520,tcp,29,True,False
192.168.3.131,62137,65.55.17.37,9198,tcp,29,True,False
192.168.3.131,7452,65.55.17.37,9191,tcp,29,True,False
192.168.3.131,49207,65.55.17.37,5968,tcp,29,True,False
192.168.3.131,30263,65.55.17.37,7878,tcp,29,True,False
192.168.3.131,61940,65.55.17.37,3848,tcp,29,True,False
192.168.3.131,8436,65.55.17.37,6600,tcp,29,True,False
192.168.3.131,42851,65.55.17.37,23796,tcp,29,True,False
192.168.3.131,29295,65.55.17.37,5869,tcp,29,True,False
192.168.3.131,2719,65.55.17.37,26470,tcp,29,True,False
192.168.3.131,23155,65.55.17.37,5812,tcp,29,True,False
192.168.3.131,9755,65.55.17.37,3824,tcp,29,True,False
192.168.3.131,14422,65.55.17.37,4949,tcp,29,True,False
192.168.3.131,44797,65.55.17.37,5063,tcp,29,True,False
192.168.3.131,42333,65.55.17.37,7281,tcp,29,True,False
192.168.3.131,705,65.55.17.37,3969,tcp,30,True,False
192.168.3.131,34608,65.55.17.37,9501,tcp,30,True,False
192.168.3.131,53476,65.55.17.37,3162,tcp,30,True,False
192.168.3.131,38889,65.55.17.37,9443,tcp,30,True,False
192.168.3.131,16499,65.55.17.37,4143,tcp,30,True,False
192.168.3.131,45604,65.55.17.37,3931,tcp,30,True,False
192.168.3.131,64567,65.55.17.37,8766,tcp,30,True,False
192.168.3.131,61566,65.55.17.37,210,tcp,30,True,False
192.168.3.131,44646,65.55.17.37,2433,tcp,30,True,False
192.168.3.131,38702,65.55.17.37,220,tcp,30,True,False
192.168.3.131,12561,65.55.17.37,610,tcp,30,True,False
192.168.3.131,26937,65.55.17.37,6222,tcp,30,True,False
192.168.3.131,53080,65.55.17.37,49236,tcp,30,True,False
192.168.3.131,52171,65.55.17.37,998,tcp,30,True,False
192.168.3.131,8014,65.55.17.37,780,tcp,30,True,False
192.168.3.131,42546,65.55.17.37,47544,tcp,30,True,False
192.168.3.131,40583,65.55.17.37,1020,tcp,30,True,False
192.168.3.131,9628,65.55.17.37,1522,tcp,30,True,False
192.168.3.131,18642,65.55.17.37,102,tcp,30,True,False
192.168.3.131,1447,65.55.17.37,251,tcp,30,True,False
192.168.3.131,30439,65.55.17.37,674,tcp,31,True,False
192.168.3.131,20942,65.55.17.37,3632,tcp,31,True,False
192.168.3.131,52320,65.55.17.37,38185,tcp,31,True,False
192.168.3.131,45282,65.55.17.37,2241,tcp,31,True,False
192.168.3.131,57396,65.55.17.37,52853,tcp,31,True,False
192.168.3.131,35291,65.55.17.37,39659,tcp,31,True,False
192.168.3.131,4911,65.55.17.37,58838,tcp,31,True,False
192.168.3.131,22960,65.55.17.37,795,tcp,31,True,False
192.168.3.131,58849,65.55.17.37,792,tcp,31,True,False
192.168.3.131,64282,65.55.17.37,127,tcp,31,True,False
192.168.3.131,57176,65.55.17.37,52850,tcp,31,True,False
192.168.3.131,4107,65.55.17.37,57,tcp,31,True,False
192.168.3.131,26460,65.55.17.37,18000,tcp,31,True,False
192.168.3.131,3983,65.55.17.37,953,tcp,31,True,False
192.168.3.131,46827,65.55.17.37,4559,tcp,31,True,False
192.168.3.131,52598,65.55.17.37,732,tcp,31,True,False
192.168.3.131,10687,65.55.17.37,50050,tcp,31,True,False
192.168.3.131,34870,65.55.17.37,10083,tcp,31,True,False
192.168.3.131,26761,65.55.17.37,1516,tcp,31,True,False
192.168.3.131,62340,65.55.17.37,49168,tcp,31,True,False
192.168.3.131,21170,65.55.17.37,6008,tcp,32,True,False
192.168.3.131,45163,65.55.17.37,6662,tcp,32,True,False
192.168.3.131,4629,65.55.17.37,2012,tcp,32,True,False
192.168.3.131,14903,65.55.17.37,33453,tcp,32,True,False
192.168.3.131,62421,65.55.17.37,40811,tcp,32,True,False
192.168.3.131,28207,65.55.17.37,846,tcp,32,True,False
192.168.3.131,38081,65.55.17.37,1103,tcp,32,True,False
192.168.3.131,63570,65.55.17.37,778,tcp,32,True,False
192.168.3.131,63203,65.55.17.37,58630,tcp,32,True,False
192.168.3.131,26554,65.55.17.37,46200,tcp,32,True,False
192.168.3.131,36991,65.55.17.37,27,tcp,32,True,False
192.168.3.131,44961,65.55.17.37,61613,tcp,32,True,False
192.168.3.131,55649,65.55.17.37,53535,tcp,32,True,False
192.168.3.131,29859,65.55.17.37,49186,tcp,32,True,False
192.168.3.131,24284,65.55.17.37,502,tcp,32,True,False
192.168.3.131,29806,65.55.17.37,874,tcp,32,True,False
192.168.3.131,60676,65.55.17.37,840,tcp,32,True,False
192.168.3.131,4816,65.55.17.37,913,tcp,32,True,False
192.168.3.131,38294,65.55.17.37,2201,tcp,32,True,False
192.168.3.131,56127,65.55.17.37,51413,tcp,33,True,False
192.168.3.131,46660,65.55.17.37,602,tcp,33,True,False
192.168.3.131,23975,65.55.17.37,59200,tcp,33,True,False
192.168.3.131,25538,65.55.17.37,1014,tcp,33,True,False
192.168.3.131,37607,65.55.17.37,2067,tcp,33,True,False
192.168.3.131,37189,65.55.17.37,441,tcp,33,True,False
192.168.3.131,11103,65.55.17.37,3399,tcp,33,True,False
192.168.3.131,51831,65.55.17.37,729,tcp,33,True,False
192.168.3.131,6182,65.55.17.37,39136,tcp,33,True,False
192.168.3.131,19179,65.55.17.37,823,tcp,33,True,False
192.168.3.131,32746,65.55.17.37,1220,tcp,33,True,False
192.168.3.131,318,65.55.17.37,257,tcp,33,True,False
192.168.3.131,58736,65.55.17.37,1008,tcp,33,True,False
192.168.3.131,64410,65.55.17.37,55576,tcp,33,True,False
192.168.3.131,49097,65.55.17.37,35513,tcp,33,True,False
192.168.3.131,65340,65.55.17.37,943,tcp,33,True,False
192.168.3.131,9882,65.55.17.37,60146,tcp,33,True,False
192.168.3.131,20694,65.55.17.37,1212,tcp,33,True,False
192.168.3.131,41246,65.55.17.37,731,tcp,33,True,False
192.168.3.131,1831,65.55.17.37,250,tcp,33,True,False
192.168.3.131,35365,65.55.17.37,2044,tcp,33,True,False
192.168.3.131,51982,65.55.17.37,52710,tcp,34,True,False
192.168.3.131,59418,65.55.17.37,3025,tcp,34,True,False
192.168.3.131,20174,65.55.17.37,7003,tcp,34,True,False
192.168.3.131,26154,65.55.17.37,58001,tcp,34,True,False
192.168.3.131,17649,65.55.17.37,1353,tcp,34,True,False
192.168.3.131,57501,65.55.17.37,905,tcp,34,True,False
192.168.3.131,5667,65.55.17.37,659,tcp,34,True,False
192.168.3.131,25903,65.55.17.37,523,tcp,34,True,False
192.168.3.131,36676,65.55.17.37,639,tcp,34,True,False
192.168.3.131,51462,65.55.17.37,1350,tcp,34,True,False
192.168.3.131,44035,65.55.17.37,710,tcp,34,True,False
192.168.3.131,50699,65.55.17.37,447,tcp,34,True,False
192.168.3.131,32445,65.55.17.37,52847,tcp,34,True,False
192.168.3.131,47954,65.55.17.37,1222,tcp,34,True,False
192.168.3.131,43358,65.55.17.37,786,tcp,34,True,False
192.168.3.131,55780,65.55.17.37,98,tcp,34,True,False
192.168.3.131,34480,65.55.17.37,1547,tcp,34,True,False
192.168.3.131,2513,65.55.17.37,53313,tcp,34,True,False
192.168.3.131,2572,65.55.17.37,59202,tcp,34,True,False
192.168.3.131,61546,65.55.17.37,971,tcp,35,True,False
192.168.3.131,44702,65.55.17.37,7010,tcp,35,True,False
192.168.3.131,41292,65.55.17.37,5520,tcp,35,True,False
192.168.3.131,38470,65.55.17.37,41523,tcp,35,True,False
192.168.3.131,5501,65.55.17.37,709,tcp,35,True,False
192.168.3.131,16187,65.55.17.37,8118,tcp,35,True,False
192.168.3.131,63613,65.55.17.37,540,tcp,35,True,False
192.168.3.131,31838,65.55.17.37,829,tcp,35,True,False
192.168.3.131,8358,65.55.17.37,1210,tcp,35,True,False
192.168.3.131,3716,65.55.17.37,2101,tcp,35,True,False
192.168.3.131,44463,65.55.17.37,806,tcp,35,True,False
192.168.3.131,16597,65.55.17.37,2080,tcp,35,True,False
192.168.3.131,6220,65.55.17.37,1560,tcp,35,True,False
192.168.3.131,25231,65.55.17.37,1752,tcp,35,True,False
192.168.3.131,9873,65.55.17.37,1745,tcp,35,True,False
192.168.3.131,22417,65.55.17.37,1125,tcp,35,True,False
192.168.3.131,61972,65.55.17.37,1314,tcp,35,True,False
192.168.3.131,19269,65.55.17.37,1414,tcp,35,True,False
192.168.3.131,22286,65.55.17.37,12346,tcp,35,True,False
192.168.3.131,52437,65.55.17.37,728,tcp,35,True,False
192.168.3.131,43568,65.55.17.37,690,tcp,36,True,False
192.168.3.131,1630,65.55.17.37,1735,tcp,36,True,False
192.168.3.131,40504,65.55.17.37,928,tcp,36,True,False
192.168.3.131,177,65.55.17.37,1638,tcp,36,True,False
192.168.3.131,23574,65.55.17.37,1240,tcp,36,True,False
192.168.3.131,10694,65.55.17.37,2086,tcp,36,True,False
192.168.3.131,56027,65.55.17.37,1268,tcp,36,True,False
192.168.3.131,22658,65.55.17.37,1297,tcp,36,True,False
192.168.3.131,46763,65.55.17.37,1973,tcp,36,True,False
192.168.3.131,49206,65.55.17.37,1584,tcp,36,True,False
192.168.3.131,17045,65.55.17.37,2112,tcp,36,True,False
192.168.3.131,3347,65.55.17.37,1229,tcp,36,True,False
192.168.3.131,13968,65.55.17.37,2082,tcp,36,True,False
192.168.3.131,22814,65.55.17.37,1799,tcp,36,True,False
192.168.3.131,36093,65.55.17.37,1722,tcp,36,True,False
192.168.3.131,1787,65.55.17.37,1249,tcp,36,True,False
192.168.3.131,23741,65.55.17.37,388,tcp,36,True,False
192.168.3.131,63287,65.55.17.37,1208,tcp,36,True,False
192.168.3.131,53628,65.55.17.37,754,tcp,36,True,False
192.168.3.131,57993,65.55.17.37,864,tcp,36,True,False
192.168.3.131,42909,65.55.17.37,1204,tcp,37,True,False
192.168.3.131,28211,65.55.17.37,2031,tcp,37,True,False
192.168.3.131,18989,65.55.17.37,1116,tcp,37,True,False
192.168.3.131,16221,65.55.17.37,802,tcp,37,True,False
192.168.3.131,30274,65.55.17.37,3999,tcp,37,True,False
192.168.3.131,65282,65.55.17.37,1153,tcp,37,True,False
192.168.3.131,881,65.55.17.37,1144,tcp,37,True,False
192.168.3.131,43311,65.55.17.37,1337,tcp,37,True,False
192.168.3.131,55178,65.55.17.37,922,tcp,37,True,False
192.168.3.131,51292,65.55.17.37,1180,tcp,37,True,False
192.168.3.131,3181,65.55.17.37,1307,tcp,37,True,False
192.168.3.131,7491,65.55.17.37,1924,tcp,37,True,False
192.168.3.131,40857,65.55.17.37,1699,tcp,37,True,False
192.168.3.131,46859,65.55.17.37,1136,tcp,37,True,False
192.168.3.131,20945,65.55.17.37,1558,tcp,37,True,False
192.168.3.131,4335,65.55.17.37,6017,tcp,37,True,False
192.168.3.131,18752,65.55.17.37,1331,tcp,37,True,False
192.168.3.131,59673,65.55.17.37,1620,tcp,37,True,False
192.168.3.131,63076,65.55.17.37,1632,tcp,37,True,False
192.168.3.131,37299,65.55.17.37,1901,tcp,38,True,False
192.168.3.131,65173,65.55.17.37,1176,tcp,38,True,False
192.168.3.131,61489,65.55.17.37,1912,tcp,38,True,False
192.168.3.131,63562,65.55.17.37,1806,tcp,38,True,False
192.168.3.131,32015,65.55.17.37,1302,tcp,38,True,False
192.168.3.131,9582,65.55.17.37,1976,tcp,38,True,False
192.168.3.131,5323,65.55.17.37,1566,tcp,38,True,False
192.168.3.131,25328,65.55.17.37,1598,tcp,38,True,False
192.168.3.131,37533,65.55.17.37,1316,tcp,38,True,False
192.168.3.131,8741,65.55.17.37,1162,tcp,38,True,False
192.168.3.131,53251,65.55.17.37,1708,tcp,38,True,False
192.168.3.131,10805,65.55.17.37,1251,tcp,38,True,False
192.168.3.131,16412,65.55.17.37,1791,tcp,38,True,False
192.168.3.131,14968,65.55.17.37,1190,tcp,38,True,False
192.168.3.131,1558,65.55.17.37,1134,tcp,38,True,False
192.168.3.131,50428,65.55.17.37,1607,tcp,38,True,False
192.168.3.131,30259,65.55.17.37,1808,tcp,38,True,False
192.168.3.131,28499,65.55.17.37,44334,tcp,38,True,False
192.168.3.131,20724,65.55.17.37,1157,tcp,38,True,False
192.168.3.131,39905,65.55.17.37,918,tcp,38,True,False
192.168.3.131,62874,65.55.17.37,1279,tcp,39,True,False
192.168.3.131,50121,65.55.17.37,1262,tcp,39,True,False
192.168.3.131,52470,65.55.17.37,1713,tcp,39,True,False
192.168.3.131,17350,65.55.17.37,1194,tcp,39,True,False
192.168.3.131,47673,65.55.17.37,1005,tcp,39,True,False
192.168.3.131,3136,65.55.17.37,1677,tcp,39,True,False
192.168.3.131,39470,65.55.17.37,1954,tcp,39,True,False
192.168.3.131,6528,65.55.17.37,641,tcp,39,True,False
192.168.3.131,26009,65.55.17.37,1290,tcp,39,True,False
192.168.3.131,40229,65.55.17.37,1327,tcp,39,True,False
192.168.3.131,20134,65.55.17.37,1835,tcp,39,True,False
192.168.3.131,59883,65.55.17.37,2095,tcp,39,True,False
192.168.3.131,63057,65.55.17.37,1321,tcp,39,True,False
192.168.3.131,32574,65.55.17.37,1168,tcp,39,True,False
192.168.3.131,269,65.55.17.37,1318,tcp,39,True,False
192.168.3.131,10489,65.55.17.37,1703,tcp,39,True,False
192.168.3.131,34426,65.55.17.37,1305,tcp,39,True,False
192.168.3.131,9689,65.55.17.37,1196,tcp,39,True,False
192.168.3.131,46167,65.55.17.37,1711,tcp,39,True,False
192.168.3.131,41993,65.55.17.37,606,tcp,39,True,False
192.168.3.131,57405,65.55.17.37,1184,tcp,40,True,False
192.168.3.131,20212,65.55.17.37,1339,tcp,40,True,False
192.168.3.131,64926,65.55.17.37,1691,tcp,40,True,False
192.168.3.131,49708,65.55.17.37,1223,tcp,40,True,False
192.168.3.131,61291,65.55.17.37,1215,tcp,40,True,False
192.168.3.131,60591,65.55.17.37,1823,tcp,40,True,False
192.168.3.131,17845,65.55.17.37,2115,tcp,40,True,False
192.168.3.131,46937,65.55.17.37,2069,tcp,40,True,False
192.168.3.131,53598,65.55.17.37,1861,tcp,40,True,False
192.168.3.131,60143,65.55.17.37,2280,tcp,40,True,False
192.168.3.131,44651,65.55.17.37,2340,tcp,40,True,False
192.168.3.131,52715,65.55.17.37,2261,tcp,40,True,False
192.168.3.131,31107,65.55.17.37,2706,tcp,40,True,False
192.168.3.131,21973,65.55.17.37,3825,tcp,40,True,False
192.168.3.131,56087,65.55.17.37,2997,tcp,40,True,False
192.168.3.131,58788,65.55.17.37,3089,tcp,40,True,False
192.168.3.131,57716,65.55.17.37,3520,tcp,40,True,False
192.168.3.131,43380,65.55.17.37,3728,tcp,40,True,False
192.168.3.131,3751,65.55.17.37,3515,tcp,40,True,False
192.168.3.131,48337,65.55.17.37,3310,tcp,40,True,False
192.168.3.131,47816,65.55.17.37,3200,tcp,41,True,False
192.168.3.131,39373,65.55.17.37,3530,tcp,41,True,False
192.168.3.131,29148,65.55.17.37,2532,tcp,41,True,False
192.168.3.131,60211,65.55.17.37,2265,tcp,41,True,False
192.168.3.131,55162,65.55.17.37,2325,tcp,41,True,False
192.168.3.131,22763,65.55.17.37,2134,tcp,41,True,False
192.168.3.131,65481,65.55.17.37,3063,tcp,41,True,False
192.168.3.131,33626,65.55.17.37,3374,tcp,41,True,False
192.168.3.131,10976,65.55.17.37,2302,tcp,41,True,False
192.168.3.131,51215,65.55.17.37,3511,tcp,41,True,False
192.168.3.131,16211,65.55.17.37,2598,tcp,41,True,False
192.168.3.131,32316,65.55.17.37,3577,tcp,41,True,False
192.168.3.131,1485,65.55.17.37,2567,tcp,41,True,False
192.168.3.131,54158,65.55.17.37,2312,tcp,41,True,False
192.168.3.131,24289,65.55.17.37,2148,tcp,41,True,False
192.168.3.131,49300,65.55.17.37,3652,tcp,41,True,False
192.168.3.131,9037,65.55.17.37,2551,tcp,41,True,False
192.168.3.131,33380,65.55.17.37,3220,tcp,41,True,False
192.168.3.131,19939,65.55.17.37,3798,tcp,41,True,False
192.168.3.131,62441,65.55.17.37,2902,tcp,41,True,False
192.168.3.131,22959,65.55.17.37,3396,tcp,42,True,False
192.168.3.131,58370,65.55.17.37,3868,tcp,42,True,False
192.168.3.131,8041,65.55.17.37,2418,tcp,42,True,False
192.168.3.131,18775,65.55.17.37,3014,tcp,42,True,False
192.168.3.131,64402,65.55.17.37,3415,tcp,42,True,False
192.168.3.131,48249,65.55.17.37,3790,tcp,42,True,False
192.168.3.131,17145,65.55.17.37,3817,tcp,42,True,False
192.168.3.131,58975,65.55.17.37,2898,tcp,42,True,False
192.168.3.131,17164,65.55.17.37,3839,tcp,42,True,False
192.168.3.131,9227,65.55.17.37,2449,tcp,42,True,False
192.168.3.131,29650,65.55.17.37,2583,tcp,42,True,False
192.168.3.131,35508,65.55.17.37,3810,tcp,42,True,False
192.168.3.131,14269,65.55.17.37,3497,tcp,42,True,False
192.168.3.131,40907,65.55.17.37,3479,tcp,42,True,False
192.168.3.131,47105,65.55.17.37,2292,tcp,42,True,False
192.168.3.131,28682,65.55.17.37,2463,tcp,42,True,False
192.168.3.131,35825,65.55.17.37,3670,tcp,42,True,False
192.168.3.131,14063,65.55.17.37,3621,tcp,42,True,False
192.168.3.131,28310,65.55.17.37,2372,tcp,42,True,False
192.168.3.131,11942,65.55.17.37,2930,tcp,42,True,False
192.168.3.131,3618,65.55.17.37,3319,tcp,43,True,False
192.168.3.131,7254,65.55.17.37,2330,tcp,43,True,False
192.168.3.131,11417,65.55.17.37,3795,tcp,43,True,False
192.168.3.131,543,65.55.17.37,3505,tcp,43,True,False
192.168.3.131,40984,65.55.17.37,2728,tcp,43,True,False
192.168.3.131,44472,65.55.17.37,3847,tcp,43,True,False
192.168.3.131,50959,65.55.17.37,3485,tcp,43,True,False
192.168.3.131,37477,65.55.17.37,2270,tcp,43,True,False
192.168.3.131,12731,65.55.17.37,3831,tcp,43,True,False
192.168.3.131,4719,65.55.17.37,3263,tcp,43,True,False
192.168.3.131,37600,65.55.17.37,2984,tcp,43,True,False
192.168.3.131,54549,65.55.17.37,2376,tcp,43,True,False
192.168.3.131,10765,65.55.17.37,3365,tcp,43,True,False
192.168.3.131,47536,65.55.17.37,3167,tcp,43,True,False
192.168.3.131,58978,65.55.17.37,3663,tcp,43,True,False
192.168.3.131,56638,65.55.17.37,2691,tcp,43,True,False
192.168.3.131,768,65.55.17.37,2250,tcp,43,True,False
192.168.3.131,50221,65.55.17.37,3362,tcp,43,True,False
192.168.3.131,48102,65.55.17.37,3787,tcp,43,True,False
192.168.3.131,39342,65.55.17.37,2203,tcp,43,True,False
192.168.3.131,22090,65.55.17.37,3439,tcp,44,True,False
192.168.3.131,13470,65.55.17.37,2958,tcp,44,True,False
192.168.3.131,58563,65.55.17.37,3683,tcp,44,True,False
192.168.3.131,998,65.55.17.37,2888,tcp,44,True,False
192.168.3.131,25968,65.55.17.37,3599,tcp,44,True,False
192.168.3.131,59526,65.55.17.37,2850,tcp,44,True,False
192.168.3.131,43468,65.55.17.37,2812,tcp,44,True,False
192.168.3.131,58297,65.55.17.37,3680,tcp,44,True,False
192.168.3.131,62521,65.55.17.37,3281,tcp,44,True,False
192.168.3.131,46432,65.55.17.37,2438,tcp,44,True,False
192.168.3.131,59875,65.55.17.37,2988,tcp,44,True,False
192.168.3.131,12393,65.55.17.37,2631,tcp,44,True,False
192.168.3.131,43372,65.55.17.37,2435,tcp,44,True,False
192.168.3.131,35997,65.55.17.37,2712,tcp,44,True,False
192.168.3.131,38775,65.55.17.37,3636,tcp,44,True,False
192.168.3.131,34054,65.55.17.37,3103,tcp,44,True,False
192.168.3.131,17279,65.55.17.37,3121,tcp,44,True,False
192.168.3.131,13108,65.55.17.37,2187,tcp,44,True,False
192.168.3.131,61265,65.55.17.37,3812,tcp,44,True,False
192.168.3.131,48932,65.55.17.37,3749,tcp,44,True,False
192.168.3.131,42060,65.55.17.37,3057,tcp,45,True,False
192.168.3.131,5469,65.55.17.37,3656,tcp,45,True,False
192.168.3.131,41600,65.55.17.37,3425,tcp,45,True,False
192.168.3.131,36960,65.55.17.37,2622,tcp,45,True,False
192.168.3.131,15504,65.55.17.37,3803,tcp,45,True,False
192.168.3.131,10945,65.55.17.37,3856,tcp,45,True,False
192.168.3.131,18262,65.55.17.37,2505,tcp,45,True,False
192.168.3.131,36884,65.55.17.37,3602,tcp,45,True,False
192.168.3.131,42731,65.55.17.37,2804,tcp,45,True,False
192.168.3.131,10706,65.55.17.37,5088,tcp,45,True,False
192.168.3.131,23802,65.55.17.37,5147,tcp,45,True,False
192.168.3.131,10669,65.55.17.37,5219,tcp,45,True,False
192.168.3.131,31166,65.55.17.37,4415,tcp,45,True,False
192.168.3.131,12552,65.55.17.37,4342,tcp,45,True,False
192.168.3.131,43787,65.55.17.37,3992,tcp,45,True,False
192.168.3.131,16700,65.55.17.37,5441,tcp,45,True,False
192.168.3.131,58054,65.55.17.37,3906,tcp,45,True,False
192.168.3.131,39401,65.55.17.37,5098,tcp,45,True,False
192.168.3.131,42559,65.55.17.37,4800,tcp,45,True,False
192.168.3.131,35292,65.55.17.37,4358,tcp,45,True,False
192.168.3.131,14638,65.55.17.37,4356,tcp,46,True,False
192.168.3.131,48310,65.55.17.37,4534,tcp,46,True,False
192.168.3.131,49308,65.55.17.37,4859,tcp,46,True,False
192.168.3.131,52344,65.55.17.37,5066,tcp,46,True,False
192.168.3.131,57791,65.55.17.37,3913,tcp,46,True,False
192.168.3.131,55676,65.55.17.37,5122,tcp,46,True,False
192.168.3.131,32802,65.55.17.37,4476,tcp,46,True,False
192.168.3.131,53528,65.55.17.37,5234,tcp,46,True,False
192.168.3.131,20048,65.55.17.37,5053,tcp,46,True,False
192.168.3.131,5432,65.55.17.37,4388,tcp,46,True,False
192.168.3.131,63887,65.55.17.37,3967,tcp,46,True,False
192.168.3.131,17139,65.55.17.37,4912,tcp,46,True,False
192.168.3.131,48084,65.55.17.37,3982,tcp,46,True,False
192.168.3.131,11917,65.55.17.37,4234,tcp,46,True,False
192.168.3.131,3761,65.55.17.37,4325,tcp,46,True,False
192.168.3.131,49353,65.55.17.37,5444,tcp,46,True,False
192.168.3.131,5798,65.55.17.37,4602,tcp,46,True,False
192.168.3.131,17748,65.55.17.37,5259,tcp,46,True,False
192.168.3.131,19070,65.55.17.37,4029,tcp,46,True,False
192.168.3.131,22274,65.55.17.37,5370,tcp,47,True,False
192.168.3.131,26662,65.55.17.37,4190,tcp,47,True,False
192.168.3.131,7707,65.55.17.37,4300,tcp,47,True,False
192.168.3.131,46151,65.55.17.37,5095,tcp,47,True,False
192.168.3.131,33748,65.55.17.37,4517,tcp,47,True,False
192.168.3.131,33433,65.55.17.37,5023,tcp,47,True,False
192.168.3.131,50537,65.55.17.37,4297,tcp,47,True,False
192.168.3.131,55166,65.55.17.37,4206,tcp,47,True,False
192.168.3.131,43515,65.55.17.37,4056,tcp,47,True,False
192.168.3.131,60903,65.55.17.37,5475,tcp,47,True,False
192.168.3.131,36263,65.55.17.37,4036,tcp,47,True,False
192.168.3.131,59169,65.55.17.37,5012,tcp,47,True,False
192.168.3.131,2344,65.55.17.37,5016,tcp,47,True,False
192.168.3.131,38652,65.55.17.37,4999,tcp,47,True,False
192.168.3.131,63591,65.55.17.37,3949,tcp,47,True,False
192.168.3.131,5829,65.55.17.37,4141,tcp,47,True,False
192.168.3.131,48742,65.55.17.37,5020,tcp,47,True,False
192.168.3.131,7007,65.55.17.37,4020,tcp,47,True,False
192.168.3.131,32576,65.55.17.37,3956,tcp,47,True,False
192.168.3.131,4644,65.55.17.37,4558,tcp,47,True,False
192.168.3.131,34961,65.55.17.37,5014,tcp,48,True,False
192.168.3.131,36099,65.55.17.37,4447,tcp,48,True,False
192.168.3.131,7698,65.55.17.37,4101,tcp,48,True,False
192.168.3.131,54079,65.55.17.37,4024,tcp,48,True,False
192.168.3.131,11849,65.55.17.37,4374,tcp,48,True,False
192.168.3.131,9383,65.55.17.37,4065,tcp,48,True,False
192.168.3.131,60127,65.55.17.37,4464,tcp,48,True,False
192.168.3.131,15131,65.55.17.37,3879,tcp,48,True,False
192.168.3.131,31856,65.55.17.37,3946,tcp,48,True,False
192.168.3.131,56526,65.55.17.37,4161,tcp,48,True,False
192.168.3.131,16863,65.55.17.37,3923,tcp,48,True,False
192.168.3.131,10783,65.55.17.37,3989,tcp,48,True,False
192.168.3.131,16037,65.55.17.37,3909,tcp,48,True,False
192.168.3.131,43817,65.55.17.37,4262,tcp,48,True,False
192.168.3.131,36911,65.55.17.37,4609,tcp,48,True,False
192.168.3.131,22500,65.55.17.37,4599,tcp,48,True,False
192.168.3.131,3582,65.55.17.37,4700,tcp,48,True,False
192.168.3.131,62018,65.55.17.37,3902,tcp,48,True,False
192.168.3.131,29391,65.55.17.37,4121,tcp,48,True,False
192.168.3.131,18269,65.55.17.37,3919,tcp,48,True,False
192.168.3.131,26358,65.55.17.37,3930,tcp,49,True,False
192.168.3.131,41910,65.55.17.37,5291,tcp,49,True,False
192.168.3.131,22524,65.55.17.37,4113,tcp,49,True,False
192.168.3.131,48719,65.55.17.37,3997,tcp,49,True,False
192.168.3.131,27436,65.55.17.37,5114,tcp,49,True,False
192.168.3.131,20063,65.55.17.37,4407,tcp,49,True,False
192.168.3.131,9817,65.55.17.37,4770,tcp,49,True,False
192.168.3.131,53037,65.55.17.37,5133,tcp,49,True,False
192.168.3.131,30174,65.55.17.37,4433,tcp,49,True,False
192.168.3.131,48629,65.55.17.37,3890,tcp,49,True,False
192.168.3.131,58185,65.55.17.37,3979,tcp,49,True,False
192.168.3.131,65016,65.55.17.37,5201,tcp,49,True,False
192.168.3.131,46483,65.55.17.37,4010,tcp,49,True,False
192.168.3.131,26278,65.55.17.37,4713,tcp,49,True,False
192.168.3.131,60606,65.55.17.37,3936,tcp,49,True,False
192.168.3.131,12669,65.55.17.37,4376,tcp,49,True,False
192.168.3.131,17060,65.55.17.37,4876,tcp,49,True,False
192.168.3.131,28765,65.55.17.37,3899,tcp,49,True,False
192.168.3.131,29699,65.55.17.37,4119,tcp,49,True,False
192.168.3.131,33744,65.55.17.37,4881,tcp,49,True,False
192.168.3.131,45686,65.55.17.37,4687,tcp,50,True,False
192.168.3.131,16630,65.55.17.37,3940,tcp,50,True,False
192.168.3.131,8273,65.55.17.37,4649,tcp,50,True,False
192.168.3.131,39607,65.55.17.37,4090,tcp,50,True,False
192.168.3.131,46958,65.55.17.37,5423,tcp,50,True,False
192.168.3.131,27408,65.55.17.37,3962,tcp,50,True,False
192.168.3.131,26454,65.55.17.37,4778,tcp,50,True,False
192.168.3.131,20127,65.55.17.37,5250,tcp,50,True,False
192.168.3.131,145,65.55.17.37,5458,tcp,50,True,False
192.168.3.131,25175,65.55.17.37,4760,tcp,50,True,False
192.168.3.131,55950,72.14.213.102,80,tcp,1295981542,False,False
192.168.3.131,55955,207.46.148.38,80,tcp,1295981543,False,False
192.168.3.131,55954,65.55.17.37,80,tcp,1295981543,False,False
192.168.3.131,58264,208.82.236.129,80,tcp,1295981546,False,False
192.168.3.131,58265,208.82.236.129,80,tcp,1295981546,False,False
192.168.3.131,57721,72.14.213.105,443,tcp,1295981549,False,False
192.168.3.131,58272,208.82.236.129,80,tcp,1295981549,False,False
192.168.3.131,55963,65.54.95.140,80,tcp,1295981543,False,False
192.168.3.131,55973,65.54.95.142,80,tcp,1295981545,False,False
192.168.3.131,55960,206.108.207.139,80,tcp,1295981543,False,True
192.168.3.131,57038,74.217.50.10,80,tcp,1295981561,False,False
192.168.3.131,52201,72.14.213.102,443,tcp,1295981562,False,True
192.168.3.131,52203,72.14.213.102,443,tcp,1295981562,False,False
192.168.3.131,52204,72.14.213.102,443,tcp,1295981562,False,False
192.168.3.131,52205,72.14.213.102,443,tcp,1295981562,False,False
192.168.3.131,52206,72.14.213.102,443,tcp,1295981562,False,False
192.168.3.131,52207,72.14.213.102,443,tcp,1295981562,False,False
192.168.3.131,52209,72.14.213.102,443,tcp,1295981562,False,False
192.168.3.131,52208,72.14.213.102,443,tcp,1295981562,False,False
192.168.3.131,52211,72.14.213.102,443,tcp,1295981562,False,False
192.168.3.131,52210,72.14.213.102,443,tcp,1295981562,False,False
192.168.3.131,52212,72.14.213.102,443,tcp,1295981562,False,False
192.168.3.131,52213,72.14.213.102,443,tcp,1295981562,False,False
192.168.3.131,52214,72.14.213.102,443,tcp,1295981562,False,False
192.168.3.131,52215,72.14.213.102,443,tcp,1295981562,False,False
192.168.3.131,58303,208.82.236.129,80,tcp,1295981563,False,False
192.168.3.131,58304,208.82.236.129,80,tcp,1295981563,False,False
192.168.3.131,58305,208.82.236.129,80,tcp,1295981564,False,False
192.168.3.131,55956,66.235.139.121,80,tcp,1295981543,False,False
192.168.3.131,58310,208.82.236.129,80,tcp,1295981565,False,False
192.168.3.131,56042,207.46.148.38,80,tcp,1295981569,False,False
192.168.3.131,56052,207.46.148.38,80,tcp,1295981571,False,False
192.168.3.131,56012,65.54.95.140,80,tcp,1295981564,False,False
192.168.3.131,58327,208.82.236.129,80,tcp,1295981573,False,False
192.168.3.131,54600,224.0.0.252,5355,udp,1295981573,False,False
192.168.3.131,52248,65.54.95.39,80,tcp,1295981577,False,False
192.168.3.131,56066,65.54.95.75,80,tcp,1295981572,False,False
192.168.3.131,56067,65.54.95.75,80,tcp,1295981572,False,False
192.168.3.131,56068,65.54.95.68,80,tcp,1295981572,False,False
192.168.3.131,56065,65.54.95.68,80,tcp,1295981572,False,False
192.168.3.131,56053,66.235.133.62,80,tcp,1295981571,False,True
192.168.3.131,56038,65.54.95.140,80,tcp,1295981569,False,False
192.168.3.131,56041,65.54.95.140,80,tcp,1295981569,False,False
192.168.3.131,56037,65.54.95.140,80,tcp,1295981569,False,False
192.168.3.131,56040,65.54.95.140,80,tcp,1295981569,False,False
192.168.3.131,56039,65.54.95.140,80,tcp,1295981569,False,False
192.168.3.131,56036,65.54.95.140,80,tcp,1295981569,False,False
192.168.3.131,56030,65.54.95.140,80,tcp,1295981569,False,False
192.168.3.131,56033,65.54.95.140,80,tcp,1295981569,False,False
192.168.3.131,56032,65.54.95.140,80,tcp,1295981569,False,False
192.168.3.131,56031,65.54.95.140,80,tcp,1295981569,False,False
192.168.3.131,56026,65.54.95.140,80,tcp,1295981569,False,False
192.168.3.131,56027,65.54.95.140,80,tcp,1295981569,False,False
192.168.3.131,56028,65.54.95.142,80,tcp,1295981569,False,False
192.168.3.131,56029,65.54.95.142,80,tcp,1295981569,False,False
192.168.3.131,56044,65.54.95.216,80,tcp,1295981570,False,False
192.168.3.131,56070,65.54.95.68,80,tcp,1295981572,False,False
192.168.3.131,56064,65.54.95.75,80,tcp,1295981571,False,False
192.168.3.131,56057,65.54.95.66,80,tcp,1295981571,False,False
192.168.3.131,56059,65.54.95.39,80,tcp,1295981571,False,False
192.168.3.131,56055,65.54.95.39,80,tcp,1295981571,False,False
192.168.3.131,56056,65.54.95.39,80,tcp,1295981571,False,False
192.168.3.131,56069,65.54.95.75,80,tcp,1295981572,False,False
192.168.3.131,56073,65.54.95.75,80,tcp,1295981573,False,False
192.168.3.131,56050,66.235.139.121,80,tcp,1295981570,False,False
192.168.3.131,56021,66.235.139.121,80,tcp,1295981569,False,True
192.168.3.131,58350,208.82.236.129,80,tcp,1295981585,False,False
192.168.3.131,58351,208.82.236.130,80,tcp,1295981585,False,False
192.168.3.131,58352,208.82.236.130,80,tcp,1295981585,False,False
192.168.3.131,58353,208.82.236.130,80,tcp,1295981585,False,False
192.168.3.131,52257,65.54.95.39,80,tcp,1295981582,False,False
192.168.3.131,52266,65.54.95.39,80,tcp,1295981587,False,False
192.168.3.131,56092,65.54.95.68,80,tcp,1295981581,False,False
192.168.3.131,56093,65.54.95.68,80,tcp,1295981581,False,False
192.168.3.131,56090,65.54.95.75,80,tcp,1295981581,False,False
192.168.3.131,56091,65.54.95.75,80,tcp,1295981581,False,False
192.168.3.131,58360,208.82.236.129,80,tcp,1295981588,False,False
192.168.3.131,58361,208.82.236.130,80,tcp,1295981588,False,False
192.168.3.131,58377,208.82.236.130,80,tcp,1295981595,False,False
192.168.3.131,58378,208.82.236.130,80,tcp,1295981595,False,False
192.168.3.131,56129,207.46.148.38,80,tcp,1295981596,False,False
192.168.3.131,56135,207.46.148.38,80,tcp,1295981596,False,False
192.168.3.131,57838,72.14.213.105,80,tcp,1295981602,False,False
192.168.3.131,56132,65.54.95.140,80,tcp,1295981596,False,False
192.168.3.131,56127,65.54.95.140,80,tcp,1295981596,False,False
192.168.3.131,56128,65.54.95.140,80,tcp,1295981596,False,False
192.168.3.131,56133,65.54.95.216,80,tcp,1295981596,False,False
192.168.3.131,56140,65.54.95.68,80,tcp,1295981597,False,False
192.168.3.131,56110,65.54.95.68,80,tcp,1295981590,False,False
192.168.3.131,56139,65.54.95.75,80,tcp,1295981597,False,False
192.168.3.131,56060,65.54.95.39,80,tcp,1295981571,False,False
192.168.3.131,56112,65.54.95.68,80,tcp,1295981590,False,False
192.168.3.131,56111,65.54.95.75,80,tcp,1295981590,False,False
192.168.3.131,56113,65.54.95.75,80,tcp,1295981590,False,False
192.168.3.131,56141,65.54.95.75,80,tcp,1295981598,False,False
192.168.3.131,58388,208.82.236.129,80,tcp,1295981599,False,False
192.168.3.131,56126,66.235.139.121,80,tcp,1295981595,False,True
192.168.3.131,56163,207.46.148.38,80,tcp,1295981607,False,False
192.168.3.131,56167,12.129.210.71,80,tcp,1295981607,False,False
192.168.3.131,58410,208.82.236.129,80,tcp,1295981609,False,False
192.168.3.131,58389,208.82.236.130,80,tcp,1295981599,False,False
192.168.3.131,58381,204.9.163.166,80,tcp,1295981595,False,False
192.168.3.131,57838,72.14.213.105,80,tcp,1295981611,False,False
192.168.3.131,56165,65.54.95.140,80,tcp,1295981607,False,False
192.168.3.131,56166,65.54.95.216,80,tcp,1295981607,False,False
192.168.3.131,56160,65.54.95.68,80,tcp,1295981606,False,False
192.168.3.131,58416,208.82.236.129,80,tcp,1295981611,False,False
192.168.3.131,56161,66.235.139.121,80,tcp,1295981607,False,True
192.168.3.131,58434,208.82.236.129,80,tcp,1295981619,False,False
192.168.3.131,57757,239.255.255.250,1900,udp,1295981559,False,False
192.168.3.131,56134,66.235.133.62,80,tcp,1295981596,False,True
192.168.3.131,57878,72.14.203.102,80,tcp,1295981619,False,False
192.168.3.131,58439,208.82.236.129,80,tcp,1295981621,False,False
192.168.3.131,58417,208.82.236.130,80,tcp,1295981611,False,False
192.168.3.131,58411,204.9.163.166,80,tcp,1295981609,False,False
192.168.3.131,56174,65.54.95.68,80,tcp,1295981609,False,False
192.168.3.131,56194,65.54.95.68,80,tcp,1295981618,False,False
192.168.3.131,56175,65.54.95.75,80,tcp,1295981610,False,False
192.168.3.131,68,255.255.255.255,67,udp,1295981573,False,False
172.16.255.1,10616,204.9.163.158,80,tcp,1295981627,False,False
10.0.2.15,2489,65.55.25.60,80,tcp,1295981628,False,False
192.168.3.131,58440,208.82.236.129,80,tcp,1295981621,False,False
192.168.3.131,57071,72.14.213.156,80,tcp,1295981627,False,False
192.168.3.131,57032,72.14.213.167,80,tcp,1295981627,False,False
192.168.3.131,58464,208.82.236.129,80,tcp,1295981632,False,False
192.168.3.131,56213,65.54.95.75,80,tcp,1295981627,False,False
192.168.3.131,56214,65.54.95.75,80,tcp,1295981627,False,False
172.16.255.1,10617,204.9.163.158,80,tcp,1295981635,False,False
172.16.255.1,10618,204.9.163.158,80,tcp,1295981636,False,False
172.16.255.1,10619,204.9.163.158,80,tcp,1295981636,False,False
10.0.2.15,2498,65.55.25.60,443,tcp,1295981638,False,False
172.16.255.1,10620,204.9.163.158,80,tcp,1295981640,False,False
172.16.255.1,10621,147.31.122.1,18165,tcp,1295981641,False,False
192.168.3.131,55968,72.14.213.101,80,tcp,1295981545,False,True
192.168.3.131,58485,208.82.236.129,80,tcp,1295981642,False,False
192.168.3.131,58486,208.82.236.130,80,tcp,1295981642,False,False
192.168.3.131,58490,208.82.236.130,80,tcp,1295981643,False,False
192.168.3.131,56233,65.54.95.68,80,tcp,1295981636,False,False
192.168.3.131,56236,65.54.95.68,80,tcp,1295981636,False,False
192.168.3.131,56235,65.54.95.68,80,tcp,1295981636,False,False
192.168.3.131,56234,65.54.95.75,80,tcp,1295981636,False,False
172.16.255.1,10623,194.165.188.79,33033,tcp,1295981644,False,False
172.16.255.1,54048,224.0.0.252,5355,udp,1295981640,False,False
172.16.255.1,10624,213.166.51.4,33033,tcp,1295981645,False,False
172.16.255.1,10625,194.165.188.79,33033,tcp,1295981646,False,False
172.16.255.1,10626,213.166.51.4,33033,tcp,1295981647,False,False
172.16.255.1,10628,194.165.188.76,12350,tcp,1295981648,False,False
172.16.255.1,10629,212.8.166.36,12350,tcp,1295981648,False,False
172.16.255.1,10630,204.9.163.158,80,tcp,1295981648,False,False
172.16.255.1,10631,204.9.163.184,12350,tcp,1295981649,False,False
172.16.255.1,10632,194.165.188.76,12350,tcp,1295981650,False,False
172.16.255.1,10633,212.8.166.36,12350,tcp,1295981650,False,False
172.16.255.1,10634,204.9.163.184,12350,tcp,1295981651,False,False
192.168.3.131,57885,72.14.213.103,80,tcp,1295981651,False,False
192.168.3.131,57888,72.14.213.103,80,tcp,1295981651,False,False
192.168.3.131,57895,72.14.213.103,80,tcp,1295981651,False,False
192.168.3.131,57894,72.14.213.103,80,tcp,1295981651,False,False
192.168.3.131,57892,72.14.213.103,80,tcp,1295981651,False,False
192.168.3.131,57890,72.14.213.103,80,tcp,1295981651,False,False
192.168.3.131,57898,72.14.213.103,80,tcp,1295981651,False,False
192.168.3.131,57886,72.14.213.103,80,tcp,1295981651,False,False
192.168.3.131,57893,72.14.213.103,80,tcp,1295981651,False,False
192.168.3.131,57883,72.14.213.103,80,tcp,1295981651,False,False
192.168.3.131,57887,72.14.213.103,80,tcp,1295981651,False,False
192.168.3.131,57881,72.14.213.103,80,tcp,1295981651,False,False
192.168.3.131,57900,72.14.213.103,80,tcp,1295981651,False,False
192.168.3.131,57879,72.14.213.103,80,tcp,1295981651,False,False
192.168.3.131,57889,72.14.213.103,80,tcp,1295981651,False,False
192.168.3.131,57899,72.14.213.103,80,tcp,1295981651,False,False
192.168.3.131,57891,72.14.213.103,80,tcp,1295981652,False,False
192.168.3.131,57901,72.14.213.103,80,tcp,1295981652,False,False
192.168.3.131,57884,72.14.213.103,80,tcp,1295981652,False,False
192.168.3.131,57882,72.14.213.103,80,tcp,1295981652,False,False
192.168.3.131,57902,72.14.213.103,80,tcp,1295981652,False,False
192.168.3.131,57896,72.14.213.103,80,tcp,1295981652,False,False
192.168.3.131,56255,65.54.95.68,80,tcp,1295981645,False,False
192.168.3.131,56257,65.54.95.75,80,tcp,1295981645,False,False
192.168.3.131,56256,65.54.95.75,80,tcp,1295981645,False,False
10.0.2.15,2527,64.4.9.254,1863,tcp,1295981655,False,False
10.0.2.15,2526,65.54.186.19,443,tcp,1295981655,False,True
192.168.3.131,58487,208.82.236.129,80,tcp,1295981642,False,False
192.168.3.131,58517,208.82.236.130,80,tcp,1295981657,False,False
10.0.2.15,2498,65.55.25.60,443,tcp,1295981658,False,False
172.16.255.1,10639,204.9.163.181,443,tcp,1295981654,False,False
172.16.255.1,10643,204.9.163.181,443,tcp,1295981655,False,False
172.16.255.1,10641,204.9.163.181,443,tcp,1295981655,False,False
172.16.255.1,10642,204.9.163.181,443,tcp,1295981655,False,False
172.16.255.1,10640,204.9.163.181,443,tcp,1295981655,False,False
172.16.255.1,10627,194.165.188.79,443,tcp,1295981647,False,False
172.16.255.1,10649,184.85.226.161,443,tcp,1295981658,False,False
10.0.2.15,49796,10.0.2.3,53,udp,1295981655,False,False
10.0.2.15,50559,10.0.2.3,53,udp,1295981655,False,False
192.168.3.131,57231,72.14.213.156,80,tcp,1295981660,False,False
192.168.3.131,57230,72.14.213.156,80,tcp,1295981660,False,False
192.168.3.131,57881,72.14.213.103,80,tcp,1295981661,False,False
192.168.3.131,57883,72.14.213.103,80,tcp,1295981661,False,False
192.168.3.131,57879,72.14.213.103,80,tcp,1295981661,False,False
192.168.3.131,57884,72.14.213.103,80,tcp,1295981661,False,False
192.168.3.131,57882,72.14.213.103,80,tcp,1295981661,False,False
192.168.3.131,57880,72.14.213.103,80,tcp,1295981656,False,False
192.168.3.131,57888,72.14.213.103,80,tcp,1295981661,False,False
192.168.3.131,57886,72.14.213.103,80,tcp,1295981661,False,False
192.168.3.131,57885,72.14.213.103,80,tcp,1295981661,False,False
192.168.3.131,57890,72.14.213.103,80,tcp,1295981661,False,False
192.168.3.131,57887,72.14.213.103,80,tcp,1295981661,False,False
192.168.3.131,57889,72.14.213.103,80,tcp,1295981661,False,False
192.168.3.131,57898,72.14.213.103,80,tcp,1295981661,False,False
192.168.3.131,57900,72.14.213.103,80,tcp,1295981661,False,False
192.168.3.131,57899,72.14.213.103,80,tcp,1295981661,False,False
192.168.3.131,57901,72.14.213.103,80,tcp,1295981661,False,False
192.168.3.131,57902,72.14.213.103,80,tcp,1295981661,False,False
192.168.3.131,57897,72.14.213.103,80,tcp,1295981657,False,False
192.168.3.131,57895,72.14.213.103,80,tcp,1295981661,False,False
192.168.3.131,57894,72.14.213.103,80,tcp,1295981661,False,False
192.168.3.131,57892,72.14.213.103,80,tcp,1295981661,False,False
192.168.3.131,57893,72.14.213.103,80,tcp,1295981661,False,False
192.168.3.131,57891,72.14.213.103,80,tcp,1295981661,False,False
192.168.3.131,57896,72.14.213.103,80,tcp,1295981661,False,False
192.168.3.131,57024,72.14.213.101,80,tcp,1295981659,False,False
172.16.255.1,10661,67.215.65.132,443,tcp,1295981661,False,True
172.16.255.1,10665,67.215.65.132,443,tcp,1295981661,False,False
172.16.255.1,10664,67.215.65.132,443,tcp,1295981661,False,False
172.16.255.1,10669,204.194.237.136,80,tcp,1295981662,False,False
172.16.255.1,10668,204.194.237.136,80,tcp,1295981662,False,False
172.16.255.1,10670,204.194.237.136,80,tcp,1295981662,False,False
10.0.2.15,54657,10.0.2.3,53,udp,1295981658,False,False
10.0.2.15,57524,10.0.2.3,53,udp,1295981658,False,False
172.16.255.1,10672,212.8.163.80,54900,tcp,1295981663,False,False
172.16.255.1,10673,212.8.163.80,54900,tcp,1295981663,False,False
10.0.2.15,2543,65.55.116.184,80,tcp,1295981664,False,False
10.0.2.15,54795,10.0.2.3,53,udp,1295981659,False,False
10.0.2.15,61870,10.0.2.3,53,udp,1295981659,False,False
10.0.2.15,64982,10.0.2.3,53,udp,1295981660,False,False
172.16.255.1,10658,109.173.29.34,443,tcp,1295981660,False,False
172.16.255.1,10671,109.227.83.224,443,tcp,1295981662,False,False
172.16.255.1,10674,212.8.163.80,43400,tcp,1295981665,False,False
172.16.255.1,10675,212.8.163.80,43400,tcp,1295981665,False,False
172.16.255.1,137,172.16.255.255,137,udp,1295981640,False,False
10.0.2.15,2545,91.103.140.2,80,tcp,1295981664,False,False
172.16.255.1,10676,204.9.163.160,35777,tcp,1295981666,False,False
172.16.255.1,10677,204.9.163.160,35777,tcp,1295981666,False,False
192.168.3.131,56035,65.55.118.107,80,tcp,1295981569,False,False
172.16.255.1,10678,212.8.163.80,54900,tcp,1295981668,False,False
172.16.255.1,10679,212.8.163.80,54900,tcp,1295981668,False,False
10.0.2.15,57632,10.0.2.3,53,udp,1295981663,False,False
172.16.255.1,10635,194.165.188.76,443,tcp,1295981652,False,False
10.0.2.15,62310,10.0.2.3,53,udp,1295981664,False,False
192.168.3.131,58542,208.82.236.129,80,tcp,1295981669,False,False
192.168.3.131,58543,208.82.236.130,80,tcp,1295981669,False,False
10.0.2.15,59794,10.0.2.3,53,udp,1295981664,False,False
192.168.3.131,58443,204.9.163.166,80,tcp,1295981622,False,False
172.16.255.1,10659,109.255.178.86,443,tcp,1295981660,False,False
172.16.255.1,10685,204.9.163.160,35777,tcp,1295981670,False,False
172.16.255.1,10686,204.9.163.160,35777,tcp,1295981670,False,False
10.0.2.15,58511,10.0.2.3,53,udp,1295981665,False,False
192.168.3.131,56051,207.46.0.109,80,tcp,1295981570,False,False
172.16.255.1,10636,212.8.166.36,443,tcp,1295981652,False,False
10.0.2.15,2549,65.55.116.184,80,tcp,1295981671,False,False
192.168.3.131,57847,72.14.213.147,80,tcp,1295981668,False,False
172.16.255.1,10638,130.117.72.100,443,tcp,1295981653,False,False
10.0.2.15,58971,10.0.2.3,53,udp,1295981668,False,False
192.168.3.131,55966,63.215.202.48,80,tcp,1295981543,False,False
192.168.3.131,56136,206.108.207.163,80,tcp,1295981596,False,False
192.168.3.131,56169,206.108.207.155,80,tcp,1295981608,False,False
192.168.3.131,55967,63.215.202.49,80,tcp,1295981544,False,False
192.168.3.131,56292,65.54.95.68,80,tcp,1295981663,False,False
192.168.3.131,56318,207.46.148.38,80,tcp,1295981674,False,False
192.168.3.131,56325,207.46.148.38,80,tcp,1295981675,False,False
172.16.255.1,10690,109.173.29.34,443,tcp,1295981675,False,False
172.16.255.1,10689,109.227.83.224,443,tcp,1295981675,False,False
172.16.255.1,10659,109.255.178.86,443,tcp,1295981675,False,False
192.168.3.131,56319,65.54.95.140,80,tcp,1295981674,False,False
192.168.3.131,56331,65.54.95.68,80,tcp,1295981676,False,False
192.168.3.131,56326,65.54.95.39,80,tcp,1295981675,False,False
192.168.3.131,56313,65.54.95.75,80,tcp,1295981672,False,False
192.168.3.131,56314,65.54.95.75,80,tcp,1295981672,False,False
192.168.3.131,56332,65.54.95.75,80,tcp,1295981676,False,False
192.168.3.131,56323,66.235.133.62,80,tcp,1295981675,False,True
192.168.3.131,56317,66.235.139.121,80,tcp,1295981674,False,True
192.168.3.131,56357,207.46.148.38,80,tcp,1295981687,False,False
192.168.3.131,56362,207.46.148.38,80,tcp,1295981688,False,False
172.16.255.1,10687,109.90.123.126,443,tcp,1295981671,False,False
192.168.3.131,58544,208.82.236.129,80,tcp,1295981669,False,False
10.0.2.15,59686,10.0.2.3,53,udp,1295981685,False,False
10.0.2.15,2551,70.37.129.34,80,tcp,1295981685,False,False
10.0.2.15,2529,207.46.96.145,80,tcp,1295981658,False,False
172.16.255.1,10659,109.255.178.86,443,tcp,1295981691,False,False
172.16.255.1,10684,109.229.25.126,443,tcp,1295981669,False,False
192.168.3.131,56359,65.54.95.140,80,tcp,1295981687,False,False
192.168.3.131,56360,65.54.95.140,80,tcp,1295981687,False,False
192.168.3.131,56358,65.54.95.140,80,tcp,1295981687,False,False
192.168.3.131,56368,65.54.95.68,80,tcp,1295981689,False,False
192.168.3.131,56363,65.54.95.39,80,tcp,1295981688,False,False
192.168.3.131,56351,65.54.95.68,80,tcp,1295981685,False,False
192.168.3.131,56327,76.74.140.168,80,tcp,1295981675,False,False
172.16.255.1,50983,71.224.25.112,33695,udp,1295981640,False,False
172.16.255.1,68,255.255.255.255,67,udp,1295981640,False,False
172.16.255.1,68,172.16.0.1,67,udp,1295981640,False,False
172.16.255.1,50983,156.26.54.15,4300,udp,1295981640,False,False
172.16.255.1,50983,178.144.253.171,43217,udp,1295981640,False,False
172.16.255.1,50983,147.31.122.1,18165,udp,1295981640,False,False
172.16.255.1,50983,75.76.39.18,35877,udp,1295981641,False,False
172.16.255.1,50983,69.255.24.214,24506,udp,1295981641,False,False
172.16.255.1,50983,67.163.123.10,39466,udp,1295981641,False,False
172.16.255.1,50983,74.75.251.207,39109,udp,1295981641,False,False
172.16.255.1,50983,128.173.201.171,23537,udp,1295981641,False,False
192.168.3.131,56361,66.235.133.62,80,tcp,1295981687,False,True
192.168.3.131,56356,66.235.139.121,80,tcp,1295981687,False,True
172.16.255.1,54052,239.255.255.250,1900,udp,1295981644,False,False
192.168.3.131,58608,208.82.236.129,80,tcp,1295981699,False,False
172.16.255.1,50983,67.82.196.121,10662,udp,1295981645,False,False
172.16.255.1,50983,190.213.192.39,9009,udp,1295981645,False,False
10.0.2.15,2542,207.46.113.78,443,tcp,1295981663,False,True
172.16.255.1,50983,190.39.220.172,443,udp,1295981645,False,False
172.16.255.1,50983,67.84.192.140,443,udp,1295981645,False,False
172.16.255.1,50983,188.231.175.85,21827,udp,1295981645,False,False
172.16.255.1,50983,67.9.27.118,48240,udp,1295981645,False,False
172.16.255.1,50983,67.117.28.180,56259,udp,1295981645,False,False
172.16.255.1,50983,188.2.252.64,43699,udp,1295981645,False,False
172.16.255.1,54055,172.16.0.1,5351,udp,1295981644,False,False
10.0.2.15,61133,10.0.2.3,53,udp,1295981696,False,False
192.168.3.131,56386,65.54.95.68,80,tcp,1295981698,False,False
192.168.3.131,56369,65.54.95.75,80,tcp,1295981689,False,False
172.16.255.1,50983,208.88.186.244,13392,udp,1295981650,False,False
10.0.2.15,2544,207.46.113.78,443,tcp,1295981664,False,False
172.16.255.1,50983,209.105.148.72,56138,udp,1295981650,False,False
172.16.255.1,50983,71.67.132.22,28376,udp,1295981650,False,False
172.16.255.1,50983,124.144.10.123,50583,udp,1295981650,False,False
172.16.255.1,50983,190.213.76.21,62669,udp,1295981650,False,False
172.16.255.1,50983,95.68.58.110,17865,udp,1295981650,False,False
172.16.255.1,50983,130.206.167.238,54002,udp,1295981650,False,False
172.16.255.1,50983,87.5.175.49,42341,udp,1295981649,False,False
192.168.3.131,56420,207.46.148.38,80,tcp,1295981709,False,False
172.16.255.1,50983,71.67.129.20,21319,udp,1295981650,False,False
172.16.255.1,50983,24.193.140.50,9911,udp,1295981655,False,False
172.16.255.1,50983,92.255.161.104,43708,udp,1295981650,False,False
172.16.255.1,50983,88.203.161.148,13899,udp,1295981655,False,False
172.16.255.1,50983,178.25.111.25,33453,udp,1295981650,False,False
172.16.255.1,50983,208.88.186.242,13392,udp,1295981655,False,False
172.16.255.1,50983,89.34.75.134,23924,udp,1295981650,False,False
192.168.3.131,56407,65.54.95.75,80,tcp,1295981707,False,False
192.168.3.131,56408,65.54.95.75,80,tcp,1295981707,False,False
172.16.255.1,50983,182.166.37.160,60573,udp,1295981650,False,False
172.16.255.1,50983,88.198.13.111,21368,udp,1295981650,False,False
172.16.255.1,50983,218.166.122.86,22511,udp,1295981650,False,False
172.16.255.1,50983,79.143.161.140,32575,udp,1295981650,False,False
172.16.255.1,50983,87.64.66.227,31783,udp,1295981650,False,False
172.16.255.1,50983,213.19.120.150,16763,udp,1295981657,False,False
172.16.255.1,50983,114.46.144.25,29080,udp,1295981657,False,False
172.16.255.1,50983,65.35.35.4,34467,udp,1295981650,False,False
172.16.255.1,50983,87.121.79.141,29347,udp,1295981650,False,False
172.16.255.1,50983,217.174.56.245,8395,udp,1295981650,False,False
172.16.255.1,50983,111.249.130.107,42403,udp,1295981658,False,False
172.16.255.1,50983,174.48.244.28,31727,udp,1295981649,False,False
172.16.255.1,10637,204.9.163.184,443,tcp,1295981652,False,False
10.0.2.15,2531,207.46.125.253,7001,udp,1295981658,False,False
10.0.2.15,2532,207.46.125.253,7001,udp,1295981658,False,False
172.16.255.1,50983,194.171.12.150,44386,udp,1295981649,False,False
10.0.2.15,2532,207.46.125.254,7001,udp,1295981659,False,False
172.16.255.1,50983,95.160.236.51,32683,udp,1295981657,False,False
10.0.2.15,2535,207.46.125.253,7001,udp,1295981659,False,False
172.16.255.1,50983,76.167.181.32,10848,udp,1295981659,False,False
172.16.255.1,50983,70.80.140.19,64588,udp,1295981659,False,False
172.16.255.1,50983,173.178.118.29,54049,udp,1295981659,False,False
10.0.2.15,2538,207.46.125.254,7001,udp,1295981659,False,False
172.16.255.1,50983,109.227.83.14,6536,udp,1295981659,False,False
172.16.255.1,50983,66.209.190.84,4813,udp,1295981660,False,False
172.16.255.1,50983,93.181.202.185,30757,udp,1295981660,False,False
172.16.255.1,50983,82.226.125.157,45834,udp,1295981660,False,False
172.16.255.1,50983,71.10.26.41,14168,udp,1295981660,False,False
172.16.255.1,50983,213.64.95.196,7892,udp,1295981660,False,False
172.16.255.1,50983,99.96.126.9,32178,udp,1295981660,False,False
10.0.2.15,48575,10.0.2.2,1900,udp,1295981659,False,False
10.0.2.2,11,10.0.2.15,0,icmp,1295981659,False,False
10.0.2.15,59365,10.0.2.3,53,udp,1295981711,False,False
172.16.255.1,50983,207.47.250.146,52634,udp,1295981661,False,False
172.16.255.1,50983,111.250.201.8,62599,udp,1295981661,False,False
10.0.2.15,2552,70.37.129.32,80,tcp,1295981696,False,False
10.0.2.15,2553,70.37.129.34,80,tcp,1295981710,False,False
172.16.255.1,50983,66.209.190.84,53679,udp,1295981662,False,False
192.168.3.131,56401,66.235.139.121,80,tcp,1295981704,False,True
172.16.255.1,50983,92.247.222.20,25987,udp,1295981650,False,False
172.16.255.1,50983,190.164.247.173,29044,udp,1295981663,False,False
172.16.255.1,50983,82.58.187.140,43187,udp,1295981663,False,False
172.16.255.1,50983,95.139.1.252,13208,udp,1295981662,False,False
172.16.255.1,50983,207.172.53.166,42304,udp,1295981661,False,False
172.16.255.1,50983,94.248.101.181,38685,udp,1295981663,False,False
172.16.255.1,50983,188.246.82.7,32291,udp,1295981663,False,False
172.16.255.1,50983,80.221.22.161,30425,udp,1295981663,False,False
172.16.255.1,50983,114.33.52.13,38843,udp,1295981663,False,False
172.16.255.1,50983,212.50.66.122,52091,udp,1295981663,False,False
192.168.3.131,56435,65.54.95.75,80,tcp,1295981710,False,False
192.168.3.131,56436,65.54.95.75,80,tcp,1295981710,False,False
10.0.2.15,2554,70.37.129.34,80,tcp,1295981711,False,False
10.0.2.15,2528,65.54.189.173,1863,tcp,1295981656,False,False
172.16.255.1,50983,110.67.111.103,64228,udp,1295981665,False,False
172.16.255.1,50983,186.80.218.34,3290,udp,1295981664,False,False
172.16.255.1,50983,218.173.246.133,21363,udp,1295981665,False,False
172.16.255.1,50983,125.232.97.116,60875,udp,1295981665,False,False
10.0.2.15,2550,64.4.35.57,1863,tcp,1295981676,False,False
172.16.255.1,50983,118.6.206.252,48570,udp,1295981657,False,False
172.16.255.1,50983,95.86.252.198,6192,udp,1295981655,False,False
172.16.255.1,50983,114.46.199.16,59468,udp,1295981663,False,False
172.16.255.1,50983,134.2.48.153,8984,udp,1295981666,False,False
172.16.255.1,50983,24.192.137.36,45156,udp,1295981666,False,False
172.16.255.1,50983,92.224.118.42,50289,udp,1295981663,False,False
172.16.255.1,50983,189.126.44.128,3192,udp,1295981666,False,False
172.16.255.1,50983,84.197.9.59,44808,udp,1295981666,False,False
192.168.3.131,56048,66.220.149.32,80,tcp,1295981570,False,True
172.16.255.1,50983,67.170.187.174,38922,udp,1295981666,False,False
172.16.255.1,50983,145.94.52.184,11610,udp,1295981666,False,False
172.16.255.1,50983,98.243.160.202,53755,udp,1295981666,False,False
192.168.3.131,57949,195.27.155.40,80,tcp,1295981721,False,False
172.16.255.1,50983,94.41.86.170,9113,udp,1295981666,False,False
192.168.3.131,56423,65.54.95.149,80,tcp,1295981709,False,False
192.168.3.131,56419,65.54.95.140,80,tcp,1295981709,False,False
192.168.3.131,56415,65.54.95.140,80,tcp,1295981708,False,False
192.168.3.131,56417,65.54.95.140,80,tcp,1295981709,False,False
192.168.3.131,56414,65.54.95.140,80,tcp,1295981708,False,False
192.168.3.131,56416,65.54.95.140,80,tcp,1295981709,False,False
192.168.3.131,56418,65.54.95.140,80,tcp,1295981709,False,False
192.168.3.131,56422,65.54.95.140,80,tcp,1295981709,False,False
192.168.3.131,56457,65.54.95.68,80,tcp,1295981719,False,False
192.168.3.131,56434,65.54.95.68,80,tcp,1295981710,False,False
192.168.3.131,56433,65.54.95.68,80,tcp,1295981710,False,False
192.168.3.131,56428,65.54.95.68,80,tcp,1295981710,False,False
192.168.3.131,56427,65.54.95.75,80,tcp,1295981710,False,False
192.168.3.131,56406,65.54.95.68,80,tcp,1295981707,False,False
192.168.3.131,56429,65.54.95.68,80,tcp,1295981710,False,False
192.168.3.131,56454,65.54.95.75,80,tcp,1295981719,False,False
192.168.3.131,56438,65.54.95.75,80,tcp,1295981711,False,False
192.168.3.131,56455,65.54.95.75,80,tcp,1295981719,False,False
192.168.3.131,56456,65.54.95.75,80,tcp,1295981719,False,False
172.16.255.1,10667,194.192.199.252,443,tcp,1295981661,False,False
172.16.255.1,50983,145.120.22.109,51491,udp,1295981665,False,False
172.16.255.1,50983,24.78.140.118,24884,udp,1295981663,False,False
172.16.255.1,50983,129.132.232.116,7704,udp,1295981668,False,False
172.16.255.1,50983,212.8.163.80,43400,udp,1295981671,False,False
192.168.3.131,58666,208.82.236.129,80,tcp,1295981727,False,False
172.16.255.1,10683,109.173.29.34,443,tcp,1295981669,False,False
172.16.255.1,10682,109.227.83.224,443,tcp,1295981669,False,False
192.168.3.131,58609,208.82.236.130,80,tcp,1295981699,False,False
192.168.3.131,58668,208.82.236.130,80,tcp,1295981727,False,False
172.16.255.1,50983,85.65.191.56,29464,udp,1295981666,False,False
172.16.255.1,50983,2.120.66.172,23852,udp,1295981672,False,False
172.16.255.1,10692,10.1.1.2,50023,tcp,1295981728,False,False
172.16.255.1,10693,10.1.1.2,50023,tcp,1295981728,False,False
172.16.255.1,50983,70.67.177.253,52967,udp,1295981670,False,False
10.0.2.15,2539,198.104.200.146,80,tcp,1295981659,False,False
10.0.2.15,2536,65.55.15.244,80,tcp,1295981659,False,False
10.0.2.15,2537,65.55.15.244,80,tcp,1295981659,False,False
10.0.2.15,2540,207.46.105.186,80,tcp,1295981660,False,False
10.0.2.15,2547,96.17.8.49,80,tcp,1295981666,False,False
10.0.2.15,2546,91.103.140.2,80,tcp,1295981665,False,False
10.0.2.15,2548,65.54.167.27,80,tcp,1295981668,False,False
172.16.255.1,50983,97.103.179.155,2151,udp,1295981677,False,False
172.16.255.1,50983,148.88.200.63,42843,udp,1295981671,False,False
172.16.255.1,10694,10.1.1.2,50023,tcp,1295981732,False,False
172.16.255.1,10695,10.1.1.2,50023,tcp,1295981732,False,False
192.168.3.131,56476,65.54.95.68,80,tcp,1295981728,False,False
192.168.3.131,56477,65.54.95.75,80,tcp,1295981728,False,False
192.168.3.131,56479,65.54.95.75,80,tcp,1295981728,False,False
192.168.3.131,56478,65.54.95.75,80,tcp,1295981728,False,False
172.16.255.1,50983,212.8.163.80,54900,udp,1295981655,False,False
172.16.255.1,61993,239.255.255.250,1900,udp,1295981679,False,False
172.16.255.1,50983,204.9.163.160,35777,udp,1295981673,False,False
192.168.3.131,56495,207.46.148.38,80,tcp,1295981735,False,False
192.168.3.131,56328,76.74.140.168,80,tcp,1295981675,False,False
192.168.3.131,56506,207.46.148.38,80,tcp,1295981735,False,False
172.16.255.1,61996,172.16.0.1,5351,udp,1295981679,False,False
10.0.2.15,2489,65.55.25.60,5480,tcp,1295981738,False,False
192.168.3.131,56504,65.54.95.140,80,tcp,1295981735,False,False
172.16.255.1,10697,109.173.29.34,443,tcp,1295981733,False,False
172.16.255.1,10696,109.227.83.224,443,tcp,1295981733,False,False
65.55.25.60,5443,10.0.2.15,2498,tcp,1295981748,False,False
192.168.3.131,57173,208.50.77.73,80,tcp,1295981749,False,False
192.168.3.131,57149,208.50.77.73,80,tcp,1295981749,False,False
192.168.3.131,57150,208.50.77.73,80,tcp,1295981749,False,False
192.168.3.131,57121,208.50.77.136,80,tcp,1295981749,False,False
192.168.3.131,57173,208.50.77.73,5480,tcp,1295981749,False,False
192.168.3.131,57149,208.50.77.73,5480,tcp,1295981749,False,False
192.168.3.131,57150,208.50.77.73,5480,tcp,1295981749,False,False
192.168.3.131,57121,208.50.77.136,5480,tcp,1295981749,False,False
172.16.255.1,10655,128.241.90.211,80,tcp,1295981658,False,False
172.16.255.1,10653,128.241.90.211,80,tcp,1295981658,False,False
172.16.255.1,10654,128.241.90.211,80,tcp,1295981658,False,False
172.16.255.1,10648,66.235.143.184,443,tcp,1295981658,False,True
172.16.255.1,10691,184.85.226.161,443,tcp,1295981693,False,False
172.16.255.1,10652,184.85.226.161,443,tcp,1295981658,False,False
172.16.255.1,10651,184.85.226.161,443,tcp,1295981658,False,False
172.16.255.1,10646,184.85.226.161,443,tcp,1295981657,False,True
172.16.255.1,10647,184.85.226.161,443,tcp,1295981657,False,False
172.16.255.1,10650,184.85.226.161,443,tcp,1295981658,False,False
192.168.3.131,58667,208.82.236.129,80,tcp,1295981727,False,False
192.168.3.131,58737,208.82.236.129,80,tcp,1295981761,False,False
192.168.3.131,57058,65.55.57.251,80,tcp,1295981764,False,False
65.55.57.251,5480,192.168.3.131,57058,tcp,1295981764,False,False
192.168.3.131,57242,66.235.136.89,443,tcp,1295981764,False,False
192.168.3.131,57145,208.50.77.97,80,tcp,1295981764,False,False
192.168.3.131,57147,208.50.77.97,80,tcp,1295981764,False,False
192.168.3.131,57242,66.235.136.89,8443,tcp,1295981764,False,False
192.168.3.131,57145,208.50.77.97,5480,tcp,1295981764,False,False
192.168.3.131,57147,208.50.77.97,5480,tcp,1295981764,False,False
10.0.2.15,2527,64.4.9.254,61863,tcp,1295981765,False,False
10.0.2.15,2526,65.54.186.19,5443,tcp,1295981765,False,True
10.0.2.15,138,10.0.2.255,138,udp,1295981711,False,False
192.168.3.131,58750,208.82.236.129,80,tcp,1295981767,False,False
10.0.2.15,2498,65.55.25.60,5443,tcp,1295981768,False,False
10.0.2.15,49796,10.0.2.3,53,udp,1295981765,False,False
10.0.2.15,50559,10.0.2.3,53,udp,1295981765,False,False
192.168.3.131,58757,208.82.236.129,80,tcp,1295981770,False,False
10.0.2.15,54657,10.0.2.3,53,udp,1295981768,False,False
10.0.2.15,57524,10.0.2.3,53,udp,1295981768,False,False
10.0.2.15,2543,65.55.116.184,5480,tcp,1295981774,False,True
10.0.2.15,54795,10.0.2.3,53,udp,1295981769,False,False
10.0.2.15,61870,10.0.2.3,53,udp,1295981769,False,False
192.168.3.131,58766,208.82.236.129,80,tcp,1295981774,False,False
10.0.2.15,64982,10.0.2.3,53,udp,1295981770,False,False
10.0.2.15,2545,91.103.140.2,5480,tcp,1295981774,False,True
10.0.2.15,57632,10.0.2.3,53,udp,1295981773,False,False
10.0.2.15,62310,10.0.2.3,53,udp,1295981774,False,False
10.0.2.15,59794,10.0.2.3,53,udp,1295981774,False,False
192.168.3.131,57198,69.63.181.15,80,tcp,1295981779,False,False
192.168.3.131,57192,69.63.181.15,80,tcp,1295981779,False,False
192.168.3.131,57204,208.50.77.134,80,tcp,1295981779,False,False
192.168.3.131,57203,208.50.77.134,80,tcp,1295981779,False,False
192.168.3.131,57202,208.50.77.134,80,tcp,1295981779,False,False
192.168.3.131,57205,208.50.77.134,80,tcp,1295981779,False,False
192.168.3.131,57201,208.50.77.134,80,tcp,1295981779,False,False
192.168.3.131,57186,208.50.77.134,80,tcp,1295981779,False,False
192.168.3.131,58777,208.82.236.129,80,tcp,1295981779,False,False
192.168.3.131,57198,69.63.181.15,5480,tcp,1295981779,False,False
192.168.3.131,57192,69.63.181.15,5480,tcp,1295981779,False,False
192.168.3.131,57204,208.50.77.134,5480,tcp,1295981779,False,False
192.168.3.131,57203,208.50.77.134,5480,tcp,1295981779,False,False
192.168.3.131,57202,208.50.77.134,5480,tcp,1295981779,False,False
192.168.3.131,57205,208.50.77.134,5480,tcp,1295981779,False,False
192.168.3.131,57201,208.50.77.134,5480,tcp,1295981779,False,False
192.168.3.131,57186,208.50.77.134,5480,tcp,1295981779,False,False
10.0.2.15,58511,10.0.2.3,53,udp,1295981775,False,False
10.0.2.15,2549,65.55.116.184,5480,tcp,1295981781,False,True
192.168.3.131,58786,208.82.236.129,80,tcp,1295981782,False,False
192.168.3.131,58787,208.82.236.130,80,tcp,1295981782,False,False
10.0.2.15,58971,10.0.2.3,53,udp,1295981778,False,False
192.168.3.131,58788,208.82.236.129,80,tcp,1295981782,False,False
192.168.3.131,58793,208.82.236.130,80,tcp,1295981783,False,False
192.168.3.131,58794,208.82.236.130,80,tcp,1295981783,False,False
192.168.3.131,58547,204.9.163.166,80,tcp,1295981669,False,False
172.16.255.1,137,172.16.255.255,137,udp,1295981768,False,False
192.168.3.131,57011,72.14.213.138,80,tcp,1295981542,False,False
192.168.3.131,58789,209.17.73.30,80,tcp,1295981782,False,False
192.168.3.131,58790,209.17.73.30,80,tcp,1295981782,False,False
192.168.3.131,58547,204.9.163.166,80,tcp,1295981793,False,False
192.168.3.131,57180,65.55.15.244,80,tcp,1295981794,False,False
192.168.3.131,57213,74.125.127.148,80,tcp,1295981794,False,False
192.168.3.131,57176,65.55.206.9,80,tcp,1295981794,False,False
192.168.3.131,57174,208.50.77.97,80,tcp,1295981794,False,False
192.168.3.131,57180,65.55.15.244,5480,tcp,1295981794,False,False
192.168.3.131,57213,74.125.127.148,5480,tcp,1295981794,False,False
192.168.3.131,57176,65.55.206.9,5480,tcp,1295981794,False,False
192.168.3.131,57174,208.50.77.97,5480,tcp,1295981794,False,False
172.16.255.1,60061,239.255.255.250,1900,udp,1295981734,False,False
172.16.255.1,50983,10.1.1.2,50023,udp,1295981735,False,False
66.209.190.254,3,172.16.255.1,13,icmp,1295981737,False,False
172.16.255.1,50983,24.54.5.14,23389,udp,1295981745,False,False
10.0.2.15,59686,10.0.2.3,53,udp,1295981795,False,False
10.0.2.15,2551,70.37.129.34,5480,tcp,1295981795,False,True
10.0.2.15,2529,207.46.96.145,5480,tcp,1295981768,False,True
192.168.3.131,58830,208.82.236.129,80,tcp,1295981801,False,False
192.168.3.131,58795,204.9.163.166,80,tcp,1295981784,False,False
172.16.255.1,10704,67.215.65.132,445,tcp,1295981802,False,False
192.168.3.131,52202,72.14.213.102,443,tcp,1295981562,False,True
192.168.3.131,58547,204.9.163.166,80,tcp,1295981803,False,False
172.16.255.1,10705,67.215.65.132,445,tcp,1295981803,False,False
192.168.3.131,57191,207.46.216.54,80,tcp,1295981809,False,False
192.168.3.131,57191,207.46.216.54,5480,tcp,1295981809,False,False
10.0.2.15,2542,207.46.113.78,5443,tcp,1295981773,False,True
172.16.255.1,10704,67.215.65.132,445,tcp,1295981811,False,False
10.0.2.15,61133,10.0.2.3,53,udp,1295981806,False,False
172.16.255.1,10705,67.215.65.132,445,tcp,1295981812,False,False
10.0.2.15,2544,207.46.113.78,5443,tcp,1295981774,False,True
172.16.255.1,137,172.16.255.255,137,udp,1295981803,False,False
10.0.2.15,2531,207.46.125.253,7001,udp,1295981768,False,False
10.0.2.15,2532,207.46.125.253,7001,udp,1295981768,False,False
10.0.2.15,2532,207.46.125.254,7001,udp,1295981769,False,False
10.0.2.15,2535,207.46.125.253,7001,udp,1295981769,False,False
10.0.2.15,2538,207.46.125.254,7001,udp,1295981769,False,False
172.16.255.1,137,67.215.65.132,137,udp,1295981810,False,False
10.0.2.15,48575,10.0.2.2,1900,udp,1295981769,False,False
10.0.2.2,11,10.0.2.15,0,icmp,1295981769,False,False
10.0.2.15,59365,10.0.2.3,53,udp,1295981821,False,False
10.0.2.15,2552,70.37.129.32,5480,tcp,1295981806,False,True
10.0.2.15,2553,70.37.129.34,5480,tcp,1295981820,False,True
172.16.255.1,10688,213.146.189.205,443,tcp,1295981674,False,False
172.16.255.1,10714,204.9.163.158,80,tcp,1295981828,False,False
172.16.255.1,10622,147.31.122.1,443,tcp,1295981642,False,False
10.0.2.15,2554,70.37.129.34,5480,tcp,1295981821,False,True
10.0.2.15,2528,65.54.189.173,61863,tcp,1295981766,False,False
10.0.2.15,2550,64.4.35.57,61863,tcp,1295981786,False,False
192.168.3.131,60629,192.168.3.1,53,udp,1295981838,False,False
192.168.3.131,58673,192.168.3.1,53,udp,1295981838,False,False
192.168.3.131,57229,204.14.234.85,5480,tcp,1295981839,False,False
192.168.3.131,57229,204.14.234.85,80,tcp,1295981839,False,False
192.168.3.131,57250,66.235.136.89,8443,tcp,1295981838,False,True
192.168.3.131,57231,204.14.234.101,443,tcp,1295981837,False,False
192.168.3.131,57249,204.14.234.85,8443,tcp,1295981835,False,True
172.16.255.1,63805,172.16.0.1,5351,udp,1295981834,False,False
172.16.255.1,63802,239.255.255.250,1900,udp,1295981834,False,False
172.16.255.1,60061,239.255.255.250,1900,udp,1295981831,False,False
172.16.255.1,50983,208.88.186.244,13392,udp,1295981827,False,False
10.0.2.15,138,10.0.2.255,138,udp,1295981821,False,False
192.168.3.131,58831,204.9.163.166,80,tcp,1295981801,False,False
192.168.3.131,57248,204.14.234.85,8443,tcp,1295981799,False,True
192.168.3.131,57247,204.14.234.85,8443,tcp,1295981799,False,True
192.168.3.131,57247,204.14.234.85,443,tcp,1295981799,False,False
192.168.3.131,57248,204.14.234.85,443,tcp,1295981799,False,False
192.168.3.131,57246,204.14.234.85,8443,tcp,1295981790,False,True
192.168.3.131,57246,204.14.234.85,443,tcp,1295981790,False,False
192.168.3.131,57245,204.14.234.85,443,tcp,1295981790,False,False
172.16.255.1,50983,69.126.180.28,443,udp,1295981789,False,False
172.16.255.1,50983,188.17.181.29,443,udp,1295981789,False,False
172.16.255.1,50983,66.209.190.84,7457,udp,1295981789,False,False
172.16.255.1,50983,67.84.50.244,37499,udp,1295981789,False,False
192.168.3.131,57245,204.14.234.85,8443,tcp,1295981790,False,True
172.16.255.1,50983,188.163.1.229,50709,udp,1295981789,False,False
172.16.255.1,50983,188.22.186.229,14487,udp,1295981789,False,False
174.36.30.111,5480,192.168.3.131,49206,tcp,1295981780,False,False
192.168.3.131,57249,204.14.234.85,443,tcp,1295981835,False,False
192.168.3.131,58769,72.14.213.138,80,tcp,1295981775,False,True
172.16.255.1,8,67.215.65.132,0,icmp,1295981805,False,False
10.0.2.15,2547,96.17.8.49,5480,tcp,1295981776,False,True
10.0.2.15,2539,198.104.200.146,5480,tcp,1295981769,False,True
10.0.2.15,2540,207.46.105.186,5480,tcp,1295981770,False,True
10.0.2.15,2546,91.103.140.2,5480,tcp,1295981775,False,True
192.168.3.131,57244,204.14.234.85,443,tcp,1295981761,False,False
192.168.3.131,57243,204.14.234.85,8443,tcp,1295981760,False,True
192.168.3.131,57233,204.14.234.101,8443,tcp,1295981760,False,False
192.168.3.131,57243,204.14.234.85,443,tcp,1295981760,False,False
192.168.3.131,17500,192.168.3.255,17500,udp,1295981750,False,False
192.168.3.131,17500,255.255.255.255,17500,udp,1295981750,False,False
192.168.3.131,52400,192.168.3.99,161,udp,1295981744,False,False
192.168.3.131,56509,65.54.95.75,80,tcp,1295981736,False,False
192.168.3.131,56048,66.220.149.32,80,tcp,1295981735,False,True
192.168.3.131,56503,65.54.95.140,80,tcp,1295981735,False,False
192.168.3.131,56502,65.54.95.140,80,tcp,1295981735,False,False
192.168.3.131,56500,65.54.95.140,80,tcp,1295981735,False,False
192.168.3.131,57250,66.235.136.89,443,tcp,1295981838,False,False
192.168.3.131,56499,76.74.140.168,80,tcp,1295981735,False,False
192.168.3.131,56497,65.54.95.140,80,tcp,1295981735,False,False
192.168.3.131,56494,66.235.139.121,80,tcp,1295981735,False,True
192.168.3.131,56424,72.14.213.148,80,tcp,1295981709,False,False
192.168.3.131,56421,72.14.213.149,80,tcp,1295981709,False,False
192.168.3.131,56510,65.54.95.68,80,tcp,1295981736,False,False
192.168.3.131,56411,65.55.206.199,80,tcp,1295981708,False,False
192.168.3.131,52497,72.14.213.120,443,tcp,1295981701,False,True
192.168.3.131,56430,65.54.95.68,80,tcp,1295981710,False,False
192.168.3.131,56511,65.54.95.68,80,tcp,1295981737,False,False
192.168.3.131,56320,207.46.0.109,80,tcp,1295981674,False,False
192.168.3.131,49206,174.36.30.111,80,tcp,1295981780,False,False
192.168.3.131,57244,204.14.234.85,8443,tcp,1295981761,False,True
192.168.3.131,56049,206.108.207.163,80,tcp,1295981570,False,False
192.168.3.131,55961,184.24.133.32,80,tcp,1295981543,False,False
192.168.3.131,52152,72.14.213.147,443,tcp,1295981542,False,True
192.168.3.131,57231,204.14.234.101,8443,tcp,1295981838,False,False
192.168.3.131,55953,65.55.206.209,80,tcp,1295981543,False,False
192.168.3.131,55959,65.55.5.231,80,tcp,1295981543,False,False
192.168.3.131,55962,65.55.5.232,80,tcp,1295981543,False,False
192.168.3.131,55960,206.108.207.139,80,tcp,1295981569,False,True
172.16.255.1,50983,67.64.157.145,58164,udp,1295981789,False,False
192.168.3.131,56058,206.108.207.138,80,tcp,1295981571,False,False
192.168.3.131,49673,72.14.213.18,443,tcp,1295981550,False,False
192.168.3.131,57233,204.14.234.101,443,tcp,1295981760,False,False
192.168.3.131,56022,65.55.206.199,80,tcp,1295981569,False,False
192.168.3.131,56023,184.24.143.139,80,tcp,1295981569,False,False
192.168.3.131,56034,65.55.206.199,80,tcp,1295981569,False,False
192.168.3.131,56061,195.27.155.11,80,tcp,1295981571,False,False
192.168.3.131,56501,65.54.95.140,80,tcp,1295981735,False,False
192.168.3.131,58770,72.14.213.138,80,tcp,1295981775,False,False
192.168.3.131,56054,206.108.207.145,80,tcp,1295981571,False,False
10.0.2.15,2536,65.55.15.244,5480,tcp,1295981769,False,True
192.168.3.131,58362,208.82.238.129,80,tcp,1295981588,False,False
10.0.2.15,2537,65.55.15.244,5480,tcp,1295981769,False,True
192.168.3.131,49166,192.168.3.90,445,tcp,1295981743,False,False
192.168.3.131,56505,65.54.95.66,80,tcp,1295981735,False,False
192.168.3.131,56168,206.108.207.155,80,tcp,1295981608,False,False
192.168.3.131,55968,72.14.213.101,80,tcp,1295981709,False,True
10.0.2.15,1095,192.168.3.90,139,tcp,1295981649,False,False
192.168.3.131,57839,72.14.213.147,80,tcp,1295981545,False,False
10.0.2.15,2548,65.54.167.27,5480,tcp,1295981778,False,True
192.168.3.131,56324,65.55.118.107,80,tcp,1295981675,False,False
192.168.3.131,55957,65.55.5.232,80,tcp,1295981543,False,False
192.168.3.131,55972,207.46.216.54,80,tcp,1295981545,False,False
192.168.3.131,55958,65.55.239.163,80,tcp,1295981543,False,False
192.168.3.131,55971,65.55.17.37,80,tcp,1295981545,False,False
192.168.3.131,52399,72.14.213.132,443,tcp,1295981653,False,True
192.168.3.131,52402,72.14.213.132,443,tcp,1295981653,False,False
